CustomerID,Country,Recency,Frequency,Monetary,R_Score,F_Score,M_Score,Segment
16738,United Kingdom,298,1,3.75,1,1,1,Lost
14792,United Kingdom,64,1,6.2,3,1,1,Potential Loyalists
16454,United Kingdom,45,2,6.9,3,2,1,Potential Loyalists
17956,United Kingdom,250,1,12.75,1,1,1,Lost
16878,United Kingdom,85,1,13.3,2,1,1,Lost
13307,United Kingdom,121,1,15.0,2,1,1,Lost
15823,United Kingdom,373,1,15.0,1,1,1,Lost
17763,United Kingdom,264,1,15.0,1,1,1,Lost
16093,United Kingdom,107,1,17.0,2,1,1,Lost
16953,United Kingdom,31,1,20.8,4,1,1,Potential Loyalists
17986,United Kingdom,57,1,20.8,3,1,1,Potential Loyalists
17102,United Kingdom,262,1,25.5,1,1,1,Lost
18268,United Kingdom,135,1,25.5,2,1,1,Lost
15657,United Kingdom,23,1,30.0,4,1,1,Potential Loyalists
13120,United Kingdom,239,1,30.6,1,1,1,Lost
17408,United Kingdom,164,1,32.65,2,1,1,Lost
16765,United Kingdom,295,1,34.0,1,1,1,Lost
15744,United Kingdom,78,1,34.8,2,1,1,Lost
14576,United Kingdom,373,1,35.4,1,1,1,Lost
16856,United Kingdom,15,1,35.4,4,1,1,Potential Loyalists
17831,United Kingdom,34,1,35.4,3,1,1,Potential Loyalists
15940,United Kingdom,312,1,35.8,1,1,1,Lost
17816,United Kingdom,37,4,36.56,3,4,1,Loyal Customers
16162,United Kingdom,253,1,37.4,1,1,1,Lost
12855,United Kingdom,373,1,38.1,1,1,1,Lost
18019,United Kingdom,52,1,38.45,3,1,1,Potential Loyalists
16659,United Kingdom,190,1,39.12,1,1,1,Lost
12977,United Kingdom,157,1,39.24,2,1,1,Lost
14589,United Kingdom,372,1,39.75,1,1,1,Lost
15178,United Kingdom,261,1,40.5,1,1,1,Lost
15992,United Kingdom,4,1,41.99,5,1,1,Potential Loyalists
14300,United Kingdom,19,1,43.2,4,1,1,Potential Loyalists
15423,United Kingdom,39,1,43.5,3,1,1,Potential Loyalists
14080,United Kingdom,33,1,45.6,3,1,1,Potential Loyalists
16257,United Kingdom,177,1,46.95,2,1,1,Lost
15603,United Kingdom,79,1,48.48,2,1,1,Lost
14821,United Kingdom,367,1,48.8,1,1,1,Lost
18184,United Kingdom,16,1,49.8,4,1,1,Potential Loyalists
13011,United Kingdom,373,1,50.55,1,1,1,Lost
14351,United Kingdom,165,1,51.0,2,1,1,Lost
17844,Canada,107,1,51.56,2,1,1,Lost
14682,United Kingdom,188,2,52.0,1,2,1,Lost
15313,United Kingdom,111,1,52.0,2,1,1,Lost
13832,United Kingdom,20,1,52.2,4,1,1,Potential Loyalists
14865,United Kingdom,8,2,52.2,5,2,1,Potential Loyalists
15504,United Kingdom,82,1,52.83,2,1,1,Lost
16349,United Kingdom,291,1,53.5,1,1,1,Lost
13366,United Kingdom,51,1,56.16,3,1,1,Potential Loyalists
15899,United Kingdom,369,1,56.25,1,1,1,Lost
17775,United Kingdom,255,1,56.4,1,1,1,Lost
13080,United Kingdom,180,1,58.08,1,1,1,Lost
14957,United Kingdom,254,1,58.49,1,1,1,Lost
13682,United Kingdom,188,1,59.5,1,1,1,Lost
13391,United Kingdom,204,1,59.8,1,1,1,Lost
17174,United Kingdom,218,1,59.9,1,1,1,Lost
13194,United Kingdom,136,1,60.7,2,1,1,Lost
15516,United Kingdom,45,3,62.43,3,3,1,Loyal Customers
13218,United Kingdom,128,1,62.64,2,1,1,Lost
14840,United Kingdom,268,1,62.85,1,1,1,Lost
12665,Germany,325,1,63.0,1,1,1,Lost
14437,United Kingdom,366,1,63.0,1,1,1,Lost
17263,United Kingdom,209,1,63.44,1,1,1,Lost
13302,United Kingdom,156,1,63.75,2,1,1,Lost
13130,United Kingdom,95,1,64.0,2,1,1,Lost
17382,United Kingdom,66,1,65.4,3,1,1,Potential Loyalists
13684,United Kingdom,286,1,67.23,1,1,1,Lost
14393,United Kingdom,219,1,67.95,1,1,1,Lost
15863,United Kingdom,26,2,68.84,4,2,1,Potential Loyalists
18037,United Kingdom,155,6,70.02,2,4,1,At Risk
17022,United Kingdom,32,1,71.0,4,1,1,Potential Loyalists
13185,United Kingdom,268,1,71.4,1,1,1,Lost
17747,United Kingdom,113,1,71.4,2,1,1,Lost
13938,United Kingdom,36,1,71.66,3,1,1,Potential Loyalists
13686,United Kingdom,183,1,72.0,1,1,1,Lost
17906,United Kingdom,248,1,72.9,1,1,1,Lost
16171,United Kingdom,60,1,73.2,3,1,1,Potential Loyalists
12506,France,233,1,73.5,1,1,1,Lost
18032,United Kingdom,335,1,73.5,1,1,1,Lost
17960,United Kingdom,172,1,73.78,2,1,1,Lost
13095,United Kingdom,71,1,74.4,3,1,1,Potential Loyalists
18050,United Kingdom,360,1,74.4,1,1,1,Lost
16468,United Kingdom,75,1,74.9,2,1,1,Lost
13403,United Kingdom,18,1,75.0,4,1,1,Potential Loyalists
16610,United Kingdom,220,1,75.66,1,1,1,Lost
17628,United Kingdom,82,1,75.75,2,1,1,Lost
17995,United Kingdom,282,1,76.1,1,1,1,Lost
14090,United Kingdom,325,1,76.32,1,1,1,Lost
15668,United Kingdom,218,1,76.32,1,1,1,Lost
16148,United Kingdom,297,1,76.32,1,1,1,Lost
18113,United Kingdom,369,1,76.32,1,1,1,Lost
13106,United Kingdom,134,1,76.5,2,1,1,Lost
17536,United Kingdom,178,1,76.5,2,1,1,Lost
14373,United Kingdom,359,1,76.55,1,1,1,Lost
13992,United Kingdom,31,1,76.8,4,1,1,Potential Loyalists
13132,United Kingdom,262,1,77.3,1,1,1,Lost
14785,United Kingdom,11,2,77.4,5,2,1,Potential Loyalists
17942,United Kingdom,8,1,77.5,5,1,1,Potential Loyalists
15753,United Kingdom,305,1,79.2,1,1,1,Lost
16078,United Kingdom,284,1,79.2,1,1,1,Lost
13747,United Kingdom,374,1,79.6,1,1,1,Lost
17752,United Kingdom,360,1,80.64,1,1,1,Lost
13967,United Kingdom,146,1,80.7,2,1,1,Lost
16789,United Kingdom,9,1,80.8,5,1,1,Potential Loyalists
18281,United Kingdom,181,1,80.82,1,1,1,Lost
17620,United Kingdom,60,1,81.44,3,1,1,Potential Loyalists
13006,United Kingdom,57,1,81.57,3,1,1,Potential Loyalists
17309,United Kingdom,96,1,82.75,2,1,1,Lost
12401,Belgium,304,1,84.3,1,1,1,Lost
13666,United Kingdom,61,3,84.65,3,3,1,Loyal Customers
13841,United Kingdom,253,1,85.0,1,1,1,Lost
15729,United Kingdom,213,1,85.0,1,1,1,Lost
15541,United Kingdom,115,1,85.13,2,1,1,Lost
13296,United Kingdom,138,1,87.4,2,1,1,Lost
15180,United Kingdom,368,1,87.5,1,1,1,Lost
15083,United Kingdom,257,1,88.2,1,1,1,Lost
12353,Bahrain,205,1,89.0,1,1,1,Lost
14436,United Kingdom,99,1,89.06,2,1,1,Lost
12686,France,372,1,89.14,1,1,1,Lost
14760,United Kingdom,298,1,89.2,1,1,1,Lost
14219,United Kingdom,5,1,89.94,5,1,1,Potential Loyalists
14117,United Kingdom,144,1,90.0,2,1,1,Lost
16597,United Kingdom,5,1,90.04,5,1,1,Potential Loyalists
15552,United Kingdom,218,1,90.12,1,1,1,Lost
16506,United Kingdom,20,2,90.3,4,2,1,Potential Loyalists
18084,United Kingdom,17,1,90.48,4,1,1,Potential Loyalists
13947,United Kingdom,66,1,90.6,3,1,1,Potential Loyalists
14353,United Kingdom,216,1,90.6,1,1,1,Lost
15488,United Kingdom,93,1,91.32,2,1,1,Lost
12659,France,30,1,91.68,4,1,1,Potential Loyalists
13160,United Kingdom,23,1,91.8,4,1,1,Potential Loyalists
13551,United Kingdom,320,1,91.8,1,1,1,Lost
12789,Netherlands,66,1,91.85,3,1,1,Potential Loyalists
14054,United Kingdom,66,1,92.46,3,1,1,Potential Loyalists
12821,United Kingdom,215,1,92.72,1,1,1,Lost
17991,United Kingdom,226,2,93.35,1,2,1,Lost
13283,United Kingdom,60,2,93.66,3,2,1,Potential Loyalists
18227,United Kingdom,218,1,93.75,1,1,1,Lost
15428,United Kingdom,16,1,93.78,4,1,1,Potential Loyalists
15397,United Kingdom,290,1,94.0,1,1,1,Lost
13651,United Kingdom,36,2,94.2,3,2,1,Potential Loyalists
16387,United Kingdom,323,1,94.36,1,1,1,Lost
12548,Spain,167,1,95.2,2,1,1,Lost
18249,United Kingdom,18,1,95.34,4,1,1,Potential Loyalists
17024,United Kingdom,46,3,95.85,3,3,1,Loyal Customers
14642,United Kingdom,59,1,96.12,3,1,1,Potential Loyalists
15216,United Kingdom,88,1,96.6,2,1,1,Lost
17325,United Kingdom,281,1,96.8,1,1,1,Lost
12984,United Kingdom,19,1,97.5,4,1,1,Potential Loyalists
15422,United Kingdom,324,2,97.7,1,2,1,Lost
18033,United Kingdom,66,1,97.97,3,1,1,Potential Loyalists
17895,United Kingdom,45,1,98.0,3,1,1,Potential Loyalists
17538,United Kingdom,26,1,98.42,4,1,1,Potential Loyalists
15256,United Kingdom,149,1,98.45,2,1,1,Lost
17939,United Kingdom,160,1,99.14,2,1,1,Lost
13703,United Kingdom,319,1,99.5,1,1,1,Lost
14371,United Kingdom,296,1,100.5,1,1,1,Lost
17427,United Kingdom,72,1,100.8,3,1,1,Potential Loyalists
14946,United Kingdom,15,1,100.9,4,1,1,Potential Loyalists
16498,United Kingdom,162,2,100.97,2,2,1,Lost
16344,United Kingdom,159,1,101.1,2,1,1,Lost
13101,United Kingdom,235,1,101.19,1,1,1,Lost
18086,United Kingdom,275,1,101.34,1,1,1,Lost
16006,United Kingdom,212,1,101.4,1,1,1,Lost
17643,United Kingdom,374,1,101.55,1,1,1,Lost
16516,United Kingdom,31,1,101.7,4,1,1,Potential Loyalists
18068,United Kingdom,290,1,101.7,1,1,1,Lost
15212,United Kingdom,242,1,101.8,1,1,1,Lost
13948,United Kingdom,361,1,102.0,1,1,1,Lost
14981,United Kingdom,247,1,102.12,1,1,1,Lost
14836,United Kingdom,11,3,102.45,5,3,1,Loyal Customers
18011,United Kingdom,374,1,102.79,1,1,1,Lost
17962,United Kingdom,143,1,102.83,2,1,1,Lost
14542,United Kingdom,186,1,103.25,1,1,1,Lost
17548,United Kingdom,234,1,103.3,1,1,1,Lost
18255,United Kingdom,90,1,103.3,2,1,1,Lost
18174,United Kingdom,8,1,104.0,5,1,1,Potential Loyalists
15958,United Kingdom,75,1,104.35,2,1,1,Lost
15607,United Kingdom,337,1,104.76,1,1,1,Lost
14027,United Kingdom,61,1,104.82,3,1,1,Potential Loyalists
15775,United Kingdom,246,1,104.9,1,1,1,Lost
16581,United Kingdom,183,1,105.84,1,1,1,Lost
17791,United Kingdom,30,1,106.1,4,1,1,Potential Loyalists
15070,United Kingdom,373,1,106.2,1,1,1,Lost
15168,United Kingdom,26,1,106.56,4,1,1,Potential Loyalists
16757,United Kingdom,319,1,106.83,1,1,1,Lost
15395,United Kingdom,326,1,107.45,1,1,1,Lost
16784,United Kingdom,20,1,107.6,4,1,1,Potential Loyalists
14661,United Kingdom,27,1,107.95,4,1,1,Potential Loyalists
12956,United Kingdom,307,1,108.07,1,1,1,Lost
13226,United Kingdom,274,1,108.21,1,1,1,Lost
16106,United Kingdom,66,1,108.38,3,1,1,Potential Loyalists
17639,United Kingdom,277,1,108.5,1,1,1,Lost
14345,United Kingdom,39,1,108.98,3,1,1,Potential Loyalists
14699,United Kingdom,215,1,109.13,1,1,1,Lost
16363,United Kingdom,54,1,109.36,3,1,1,Potential Loyalists
13133,United Kingdom,274,2,109.8,1,2,1,Lost
16339,United Kingdom,285,1,109.95,1,1,1,Lost
17836,United Kingdom,48,1,110.21,3,1,1,Potential Loyalists
17746,United Kingdom,241,1,110.25,1,1,1,Lost
16792,United Kingdom,283,2,110.38,1,2,1,Lost
17901,United Kingdom,30,1,110.38,4,1,1,Potential Loyalists
18277,United Kingdom,59,1,110.38,3,1,1,Potential Loyalists
12734,France,353,1,110.4,1,1,1,Lost
14641,United Kingdom,22,1,110.46,4,1,1,Potential Loyalists
16963,United Kingdom,188,1,110.55,1,1,1,Lost
17349,United Kingdom,180,1,110.75,1,1,1,Lost
15853,United Kingdom,52,1,110.8,3,1,1,Potential Loyalists
15537,United Kingdom,164,1,110.92,2,1,1,Lost
13144,United Kingdom,333,1,110.95,1,1,1,Lost
13508,United Kingdom,244,1,110.97,1,1,1,Lost
18120,United Kingdom,215,1,111.15,1,1,1,Lost
17887,United Kingdom,130,1,111.35,2,1,1,Lost
17957,United Kingdom,67,1,111.68,3,1,1,Potential Loyalists
17274,United Kingdom,36,1,111.98,3,1,1,Potential Loyalists
12756,Japan,87,1,112.08,2,1,1,Lost
17900,United Kingdom,191,2,112.2,1,2,1,Lost
17893,United Kingdom,226,1,112.25,1,1,1,Lost
14271,United Kingdom,226,1,112.32,1,1,1,Lost
17038,United Kingdom,31,1,112.4,4,1,1,Potential Loyalists
15610,United Kingdom,52,1,112.46,3,1,1,Potential Loyalists
18129,United Kingdom,244,1,112.55,1,1,1,Lost
13807,United Kingdom,368,1,112.6,1,1,1,Lost
13161,United Kingdom,314,1,112.75,1,1,1,Lost
16697,United Kingdom,242,1,112.75,1,1,1,Lost
14689,United Kingdom,209,1,112.8,1,1,1,Lost
15280,United Kingdom,173,1,113.12,2,1,1,Lost
16913,United Kingdom,291,1,113.44,1,1,1,Lost
18105,United Kingdom,38,1,113.48,3,1,1,Potential Loyalists
15445,United Kingdom,265,1,113.5,1,1,1,Lost
17217,United Kingdom,235,1,113.5,1,1,1,Lost
14457,United Kingdom,311,1,113.64,1,1,1,Lost
12651,France,335,1,114.0,1,1,1,Lost
14582,United Kingdom,41,1,114.11,3,1,1,Potential Loyalists
12938,United Kingdom,26,1,114.14,4,1,1,Potential Loyalists
14652,United Kingdom,78,1,114.18,2,1,1,Lost
17219,United Kingdom,32,1,114.23,4,1,1,Potential Loyalists
17852,United Kingdom,12,2,114.34,5,2,1,Potential Loyalists
14974,United Kingdom,38,1,114.39,3,1,1,Potential Loyalists
14632,United Kingdom,263,1,114.56,1,1,1,Lost
16247,United Kingdom,171,1,114.56,2,1,1,Lost
13188,United Kingdom,12,1,114.6,5,1,1,Potential Loyalists
14972,United Kingdom,129,1,114.77,2,1,1,Lost
18027,United Kingdom,99,1,115.31,2,1,1,Lost
13067,United Kingdom,83,1,115.46,2,1,1,Lost
15350,United Kingdom,374,1,115.65,1,1,1,Lost
14143,United Kingdom,134,1,115.8,2,1,1,Lost
13170,United Kingdom,27,1,116.01,4,1,1,Potential Loyalists
17601,United Kingdom,240,1,116.01,1,1,1,Lost
17117,United Kingdom,289,1,116.2,1,1,1,Lost
13877,United Kingdom,87,1,117.24,2,1,1,Lost
16959,United Kingdom,88,1,117.35,2,1,1,Lost
17654,United Kingdom,278,1,117.55,1,1,1,Lost
12929,United Kingdom,312,1,117.85,1,1,1,Lost
13193,United Kingdom,62,1,117.88,3,1,1,Potential Loyalists
13581,United Kingdom,310,1,118.0,1,1,1,Lost
14155,United Kingdom,267,1,118.75,1,1,1,Lost
17079,United Kingdom,79,1,118.8,2,1,1,Lost
15843,United Kingdom,304,1,118.95,1,1,1,Lost
16666,United Kingdom,20,1,118.98,4,1,1,Potential Loyalists
15266,United Kingdom,339,1,119.3,1,1,1,Lost
16542,United Kingdom,54,1,119.62,3,1,1,Potential Loyalists
14453,United Kingdom,191,1,119.93,1,1,1,Lost
14259,United Kingdom,142,1,120.0,2,1,1,Lost
14314,United Kingdom,107,1,120.0,2,1,1,Lost
18015,United Kingdom,5,1,120.03,5,1,1,Potential Loyalists
17446,United Kingdom,177,2,120.9,2,2,1,Lost
13002,United Kingdom,319,1,120.95,1,1,1,Lost
15512,United Kingdom,156,2,121.0,2,2,1,Lost
15049,United Kingdom,274,1,121.17,1,1,1,Lost
13182,United Kingdom,46,1,121.18,3,1,1,Potential Loyalists
13244,United Kingdom,93,1,121.74,2,1,1,Lost
18018,United Kingdom,109,2,122.14,2,2,1,Lost
16073,United Kingdom,298,1,122.4,1,1,1,Lost
14076,United Kingdom,130,1,122.47,2,1,1,Lost
14165,United Kingdom,276,1,122.54,1,1,1,Lost
13638,United Kingdom,16,1,122.64,4,1,1,Potential Loyalists
13876,United Kingdom,64,1,122.7,3,1,1,Potential Loyalists
14413,United Kingdom,363,1,122.7,1,1,1,Lost
13519,United Kingdom,79,1,122.75,2,1,1,Lost
17967,United Kingdom,372,1,123.07,1,1,1,Lost
15917,United Kingdom,248,1,123.1,1,1,1,Lost
16658,United Kingdom,369,1,123.24,1,1,1,Lost
14495,United Kingdom,51,2,123.8,3,2,1,Potential Loyalists
16569,United Kingdom,4,1,124.2,5,1,1,Potential Loyalists
16849,United Kingdom,187,1,124.57,1,1,1,Lost
17148,United Kingdom,52,1,124.88,3,1,1,Potential Loyalists
12531,Germany,15,1,125.22,4,1,1,Potential Loyalists
15017,United Kingdom,34,1,125.58,3,1,1,Potential Loyalists
14890,United Kingdom,254,1,125.65,1,1,1,Lost
14861,United Kingdom,53,1,125.79,3,1,1,Potential Loyalists
13522,United Kingdom,31,1,125.8,4,1,1,Potential Loyalists
12814,Poland,102,1,125.92,2,1,1,Lost
16988,United Kingdom,6,1,126.12,5,1,1,Potential Loyalists
15463,United Kingdom,30,1,126.14,4,1,1,Potential Loyalists
16414,United Kingdom,22,2,126.25,4,2,1,Potential Loyalists
14962,United Kingdom,271,1,126.7,1,1,1,Lost
15923,United Kingdom,373,1,127.08,1,1,1,Lost
15578,United Kingdom,163,1,127.1,2,1,1,Lost
13781,United Kingdom,251,1,127.84,1,1,1,Lost
15543,United Kingdom,289,1,127.86,1,1,1,Lost
17359,United Kingdom,12,1,127.86,5,1,1,Potential Loyalists
16828,United Kingdom,94,2,128.5,2,2,1,Lost
16623,United Kingdom,246,1,129.45,1,1,1,Lost
16611,United Kingdom,187,1,129.49,1,1,1,Lost
16679,United Kingdom,367,1,129.75,1,1,1,Lost
15844,United Kingdom,47,1,130.74,3,1,1,Potential Loyalists
14795,United Kingdom,167,1,131.45,2,1,1,Lost
17455,United Kingdom,204,1,131.7,1,1,1,Lost
17297,United Kingdom,18,1,131.78,4,1,1,Potential Loyalists
14438,United Kingdom,307,1,131.9,1,1,1,Lost
17785,United Kingdom,54,1,131.94,3,1,1,Potential Loyalists
17647,United Kingdom,66,1,133.06,3,1,1,Potential Loyalists
15709,United Kingdom,284,1,133.25,1,1,1,Lost
17881,United Kingdom,305,1,133.35,1,1,1,Lost
12445,Spain,23,1,133.4,4,1,1,Potential Loyalists
14349,United Kingdom,11,1,133.5,5,1,1,Potential Loyalists
16424,United Kingdom,192,1,133.56,1,1,1,Lost
14280,United Kingdom,197,1,134.04,1,1,1,Lost
12837,United Kingdom,174,1,134.1,2,1,1,Lost
14174,United Kingdom,34,1,134.46,3,1,1,Potential Loyalists
15562,United Kingdom,352,1,134.55,1,1,1,Lost
14340,United Kingdom,219,1,134.7,1,1,1,Lost
16055,United Kingdom,221,1,134.8,1,1,1,Lost
13364,United Kingdom,72,1,134.96,2,1,1,Lost
12851,United Kingdom,97,1,135.18,2,1,1,Lost
15276,United Kingdom,67,1,135.31,3,1,1,Potential Loyalists
16665,United Kingdom,363,1,135.4,1,1,1,Lost
15174,United Kingdom,323,1,135.75,1,1,1,Lost
16114,United Kingdom,171,1,135.75,2,1,1,Lost
15419,United Kingdom,25,1,135.86,4,1,1,Potential Loyalists
14889,United Kingdom,337,1,135.9,1,1,1,Lost
15042,United Kingdom,200,1,135.93,1,1,1,Lost
12968,United Kingdom,113,1,135.95,2,1,1,Lost
16462,United Kingdom,74,3,136.0,2,3,1,At Risk
17972,United Kingdom,242,1,136.04,1,1,1,Lost
14247,United Kingdom,279,1,136.77,1,1,1,Lost
15691,United Kingdom,253,1,136.8,1,1,1,Lost
17468,United Kingdom,11,2,137.0,5,2,1,Potential Loyalists
14483,United Kingdom,282,1,137.1,1,1,1,Lost
15836,United Kingdom,51,1,137.37,3,1,1,Potential Loyalists
17709,United Kingdom,170,1,137.45,2,1,1,Lost
13279,United Kingdom,79,1,137.75,2,1,1,Lost
16050,United Kingdom,174,1,137.9,2,1,1,Lost
12512,Israel,67,2,138.03,3,2,1,Potential Loyalists
15663,United Kingdom,107,1,138.14,2,1,1,Lost
13716,United Kingdom,270,1,138.28,1,1,1,Lost
17122,United Kingdom,120,1,138.32,2,1,1,Lost
14581,United Kingdom,17,1,138.6,4,1,1,Potential Loyalists
12902,United Kingdom,265,1,138.68,1,1,1,Lost
13273,United Kingdom,114,1,138.98,2,1,1,Lost
15135,United Kingdom,240,1,139.05,1,1,1,Lost
18209,United Kingdom,29,1,139.1,4,1,1,Potential Loyalists
14772,United Kingdom,113,1,139.26,2,1,1,Lost
16483,United Kingdom,193,1,139.35,1,1,1,Lost
17718,United Kingdom,233,1,139.35,1,1,1,Lost
14494,United Kingdom,26,1,139.56,4,1,1,Potential Loyalists
13483,United Kingdom,66,1,140.34,3,1,1,Potential Loyalists
15388,Canada,271,1,140.54,1,1,1,Lost
14041,United Kingdom,267,1,141.41,1,1,1,Lost
13561,United Kingdom,216,1,141.86,1,1,1,Lost
13584,United Kingdom,307,1,142.4,1,1,1,Lost
14386,United Kingdom,297,1,142.4,1,1,1,Lost
13299,United Kingdom,269,1,142.5,1,1,1,Lost
16287,United Kingdom,170,1,142.5,2,1,1,Lost
15705,United Kingdom,202,1,143.1,1,1,1,Lost
17578,United Kingdom,219,1,143.46,1,1,1,Lost
12587,Finland,8,1,144.0,5,1,1,Potential Loyalists
17186,United Kingdom,47,2,144.0,3,2,1,Potential Loyalists
14109,United Kingdom,73,1,144.2,2,1,1,Lost
12974,United Kingdom,198,1,144.8,1,1,1,Lost
16852,United Kingdom,11,2,144.91,5,2,1,Potential Loyalists
17524,United Kingdom,362,1,145.0,1,1,1,Lost
16598,United Kingdom,286,1,145.05,1,1,1,Lost
15937,United Kingdom,65,1,145.35,3,1,1,Potential Loyalists
13866,United Kingdom,75,1,145.67,2,1,1,Lost
17935,United Kingdom,139,2,145.79,2,2,1,Lost
12565,Saudi Arabia,289,1,145.92,1,1,1,Lost
16893,United Kingdom,367,1,145.93,1,1,1,Lost
14238,United Kingdom,327,1,146.85,1,1,1,Lost
17030,United Kingdom,64,1,146.87,3,1,1,Potential Loyalists
15503,United Kingdom,363,1,147.09,1,1,1,Lost
12864,United Kingdom,139,1,147.12,2,1,1,Lost
14037,United Kingdom,177,2,147.2,2,2,1,Lost
14098,United Kingdom,37,1,147.35,3,1,1,Potential Loyalists
14968,United Kingdom,31,1,147.59,4,1,1,Potential Loyalists
17859,United Kingdom,305,1,148.21,1,1,1,Lost
15526,United Kingdom,34,2,148.44,3,2,1,Potential Loyalists
17549,United Kingdom,24,2,148.86,4,2,1,Potential Loyalists
13003,United Kingdom,106,3,149.05,2,3,1,At Risk
15435,United Kingdom,23,1,149.29,4,1,1,Potential Loyalists
15748,United Kingdom,41,1,149.31,3,1,1,Potential Loyalists
18262,United Kingdom,141,1,149.48,2,1,1,Lost
17946,United Kingdom,234,2,149.58,1,2,1,Lost
15869,United Kingdom,278,2,149.64,1,2,1,Lost
17234,United Kingdom,183,1,149.89,1,1,1,Lost
15717,United Kingdom,235,1,150.3,1,1,1,Lost
14073,United Kingdom,33,1,151.04,3,1,1,Potential Loyalists
16337,United Kingdom,37,1,151.05,3,1,1,Potential Loyalists
13697,United Kingdom,39,1,151.3,3,1,1,Potential Loyalists
16461,United Kingdom,178,1,151.42,2,1,1,Lost
13462,United Kingdom,253,1,151.5,1,1,1,Lost
14208,United Kingdom,95,1,151.74,2,1,1,Lost
16412,United Kingdom,54,1,151.83,3,1,1,Potential Loyalists
16617,United Kingdom,236,1,151.85,1,1,1,Lost
17898,United Kingdom,86,2,152.06,2,2,1,Lost
13514,United Kingdom,74,1,152.2,2,1,1,Lost
14039,United Kingdom,34,1,152.2,3,1,1,Potential Loyalists
17707,United Kingdom,186,2,152.4,1,2,1,Lost
14066,United Kingdom,267,1,152.55,1,1,1,Lost
18138,United Kingdom,296,1,152.65,1,1,1,Lost
17984,United Kingdom,146,1,152.68,2,1,1,Lost
16248,United Kingdom,62,1,152.94,3,1,1,Potential Loyalists
17714,United Kingdom,321,1,153.0,1,1,1,Lost
12602,France,59,1,153.12,3,1,1,Potential Loyalists
16351,United Kingdom,333,1,153.9,1,1,1,Lost
17286,United Kingdom,22,1,153.92,4,1,1,Potential Loyalists
17517,United Kingdom,309,1,153.94,1,1,1,Lost
15226,United Kingdom,311,1,154.41,1,1,1,Lost
17026,United Kingdom,186,2,154.83,1,2,1,Lost
15740,United Kingdom,50,1,154.88,3,1,1,Potential Loyalists
17698,United Kingdom,261,1,154.95,1,1,1,Lost
14046,United Kingdom,285,1,154.99,1,1,1,Lost
14368,United Kingdom,320,1,155.0,1,1,1,Lost
13809,Cyprus,306,1,155.05,1,1,1,Lost
15447,United Kingdom,331,1,155.17,1,1,1,Lost
16720,United Kingdom,27,1,155.24,4,1,1,Potential Loyalists
12738,Germany,373,1,155.35,1,1,1,Lost
17832,United Kingdom,50,1,155.37,3,1,1,Potential Loyalists
14813,United Kingdom,370,2,155.43,1,2,1,Lost
17899,United Kingdom,160,1,155.8,2,1,1,Lost
17871,United Kingdom,205,1,155.9,1,1,1,Lost
13898,United Kingdom,326,1,155.93,1,1,1,Lost
15263,United Kingdom,107,1,156.51,2,1,1,Lost
15438,United Kingdom,132,1,156.58,2,1,1,Lost
14406,United Kingdom,120,1,156.75,2,1,1,Lost
15007,United Kingdom,160,1,156.91,2,1,1,Lost
17118,United Kingdom,318,1,157.02,1,1,1,Lost
14585,United Kingdom,51,1,157.05,3,1,1,Potential Loyalists
17128,United Kingdom,335,1,157.09,1,1,1,Lost
14148,United Kingdom,234,1,157.2,1,1,1,Lost
14799,United Kingdom,52,1,157.7,3,1,1,Potential Loyalists
17556,United Kingdom,206,1,157.9,1,1,1,Lost
15988,United Kingdom,20,1,158.03,4,1,1,Potential Loyalists
15348,United Kingdom,73,1,158.04,2,1,1,Lost
15160,United Kingdom,358,1,158.16,1,1,1,Lost
17165,United Kingdom,285,1,158.68,1,1,1,Lost
13937,United Kingdom,170,1,158.85,2,1,1,Lost
18224,United Kingdom,264,1,158.95,1,1,1,Lost
16213,United Kingdom,79,1,159.0,2,1,1,Lost
13420,United Kingdom,150,2,159.85,2,2,1,Lost
12966,United Kingdom,10,1,160.18,5,1,1,Potential Loyalists
14714,United Kingdom,25,1,160.19,4,1,1,Potential Loyalists
18146,United Kingdom,141,2,160.35,2,2,1,Lost
18203,United Kingdom,158,1,160.42,2,1,1,Lost
12573,France,228,1,160.54,1,1,1,Lost
17344,United Kingdom,47,1,160.57,3,1,1,Potential Loyalists
15852,United Kingdom,187,2,160.71,1,2,1,Lost
13229,United Kingdom,226,1,160.95,1,1,1,Lost
14089,United Kingdom,57,1,161.0,3,1,1,Potential Loyalists
14237,United Kingdom,374,1,161.0,1,1,1,Lost
14204,United Kingdom,3,1,161.03,5,1,1,Potential Loyalists
14362,United Kingdom,23,1,161.2,4,1,1,Potential Loyalists
16113,United Kingdom,184,1,161.38,1,1,1,Lost
15458,United Kingdom,26,1,161.64,4,1,1,Potential Loyalists
17600,United Kingdom,18,1,161.67,4,1,1,Potential Loyalists
16932,United Kingdom,54,1,161.94,3,1,1,Potential Loyalists
15325,United Kingdom,104,1,162.29,2,1,1,Lost
15733,United Kingdom,283,1,162.3,1,1,1,Lost
16517,United Kingdom,278,1,162.7,1,1,1,Lost
15167,United Kingdom,321,1,163.0,1,1,1,Lost
16406,United Kingdom,19,1,163.07,4,1,1,Potential Loyalists
13223,United Kingdom,201,2,163.2,1,2,1,Lost
17110,United Kingdom,166,1,163.3,2,1,1,Lost
14354,United Kingdom,6,2,163.62,5,2,1,Potential Loyalists
18200,United Kingdom,107,1,163.8,2,1,1,Lost
12920,United Kingdom,18,1,164.23,4,1,1,Potential Loyalists
13603,United Kingdom,27,1,164.34,4,1,1,Potential Loyalists
17535,United Kingdom,281,1,164.4,1,1,1,Lost
15904,United Kingdom,9,1,164.68,5,1,1,Potential Loyalists
13470,United Kingdom,100,2,165.0,2,2,1,Lost
15316,United Kingdom,327,1,165.0,1,1,1,Lost
18042,United Kingdom,54,1,165.05,3,1,1,Potential Loyalists
14552,United Kingdom,152,1,165.07,2,1,1,Lost
14485,United Kingdom,39,1,165.75,3,1,1,Potential Loyalists
12817,Austria,282,1,166.04,1,1,1,Lost
17650,United Kingdom,22,1,166.08,4,1,1,Potential Loyalists
14295,United Kingdom,41,1,166.2,3,1,1,Potential Loyalists
18014,United Kingdom,29,1,166.42,4,1,1,Potential Loyalists
16405,United Kingdom,303,2,167.25,1,2,1,Lost
15920,United Kingdom,155,4,167.5,2,4,1,At Risk
16952,United Kingdom,110,2,167.61,2,2,1,Lost
17561,United Kingdom,20,1,167.62,4,1,1,Potential Loyalists
18088,United Kingdom,62,1,167.67,3,1,1,Potential Loyalists
12551,Spain,358,1,168.0,1,1,1,Lost
15374,United Kingdom,129,1,168.0,2,1,1,Lost
15986,United Kingdom,31,1,168.12,4,1,1,Potential Loyalists
17737,United Kingdom,10,2,168.24,5,2,1,Potential Loyalists
16282,United Kingdom,340,1,168.3,1,1,1,Lost
15888,United Kingdom,81,1,168.31,2,1,1,Lost
18099,United Kingdom,128,1,168.31,2,1,1,Lost
17367,United Kingdom,239,1,168.4,1,1,1,Lost
18269,United Kingdom,367,1,168.6,1,1,1,Lost
14578,United Kingdom,4,1,168.63,5,1,1,Potential Loyalists
12367,Denmark,5,1,168.9,5,1,1,Potential Loyalists
18004,United Kingdom,363,1,169.47,1,1,1,Lost
14218,United Kingdom,43,1,169.48,3,1,1,Potential Loyalists
13962,United Kingdom,22,2,169.55,4,2,1,Potential Loyalists
16921,United Kingdom,62,1,169.79,3,1,1,Potential Loyalists
15016,United Kingdom,173,1,170.04,2,1,1,Lost
18058,United Kingdom,10,1,170.16,5,1,1,Potential Loyalists
14860,United Kingdom,20,1,170.32,4,1,1,Potential Loyalists
17542,United Kingdom,270,1,170.75,1,1,1,Lost
15432,United Kingdom,24,1,171.19,4,1,1,Potential Loyalists
17245,United Kingdom,205,1,171.45,1,1,1,Lost
16773,United Kingdom,58,1,171.59,3,1,1,Potential Loyalists
14536,United Kingdom,260,1,171.8,1,1,1,Lost
12442,Spain,4,1,172.06,5,1,1,Potential Loyalists
13690,United Kingdom,60,1,172.25,3,1,1,Potential Loyalists
13922,United Kingdom,352,1,172.25,1,1,1,Lost
18048,United Kingdom,204,2,172.29,1,2,1,Lost
14693,United Kingdom,265,1,172.9,1,1,1,Lost
15670,United Kingdom,297,1,173.05,1,1,1,Lost
15565,United Kingdom,51,2,173.16,3,2,1,Potential Loyalists
12441,France,367,1,173.55,1,1,1,Lost
16565,United Kingdom,365,1,173.7,1,1,1,Lost
14798,United Kingdom,53,3,173.74,3,3,1,Loyal Customers
16861,United Kingdom,60,2,173.76,3,2,1,Potential Loyalists
18278,United Kingdom,74,1,173.9,2,1,1,Lost
15335,United Kingdom,54,1,173.97,3,1,1,Potential Loyalists
13560,United Kingdom,8,1,174.37,5,1,1,Potential Loyalists
14518,United Kingdom,65,1,174.37,3,1,1,Potential Loyalists
14355,United Kingdom,366,1,174.4,1,1,1,Lost
18010,United Kingdom,257,1,174.8,1,1,1,Lost
16144,United Kingdom,247,1,175.2,1,1,1,Lost
17331,United Kingdom,124,1,175.2,2,1,1,Lost
17582,United Kingdom,237,1,175.27,1,1,1,Lost
18274,United Kingdom,31,1,175.92,4,1,1,Potential Loyalists
12509,France,285,1,176.5,1,1,1,Lost
14287,United Kingdom,9,3,176.63,5,3,1,Loyal Customers
17947,United Kingdom,38,1,176.68,3,1,1,Potential Loyalists
12923,United Kingdom,65,1,176.97,3,1,1,Potential Loyalists
13072,United Kingdom,267,1,177.15,1,1,1,Lost
12618,Italy,22,1,177.31,4,1,1,Potential Loyalists
13618,United Kingdom,174,1,177.34,2,1,1,Lost
16403,United Kingdom,313,1,177.5,1,1,1,Lost
18282,United Kingdom,8,2,178.05,5,2,1,Potential Loyalists
17356,United Kingdom,312,1,178.22,1,1,1,Lost
17253,United Kingdom,19,1,178.26,4,1,1,Potential Loyalists
17879,United Kingdom,174,1,178.52,2,1,1,Lost
13778,United Kingdom,104,1,178.7,2,1,1,Lost
15262,United Kingdom,324,1,178.95,1,1,1,Lost
15139,United Kingdom,240,2,178.96,1,2,1,Lost
16620,United Kingdom,4,2,178.96,5,2,1,Potential Loyalists
14705,United Kingdom,199,1,179.0,1,1,1,Lost
16990,United Kingdom,219,1,179.0,1,1,1,Lost
15454,United Kingdom,363,1,179.1,1,1,1,Lost
15895,United Kingdom,150,1,179.17,2,1,1,Lost
18147,United Kingdom,46,2,179.34,3,2,1,Potential Loyalists
12622,Germany,233,1,180.1,1,1,1,Lost
13598,United Kingdom,48,1,180.17,3,1,1,Potential Loyalists
15041,United Kingdom,171,1,180.35,2,1,1,Lost
13710,United Kingdom,32,1,180.48,4,1,1,Potential Loyalists
18280,United Kingdom,278,1,180.6,1,1,1,Lost
16835,United Kingdom,129,2,180.85,2,2,1,Lost
15292,United Kingdom,202,1,180.94,1,1,1,Lost
15945,United Kingdom,366,1,181.0,1,1,1,Lost
15886,United Kingdom,61,1,181.09,3,1,1,Potential Loyalists
16594,United Kingdom,76,1,181.09,2,1,1,Lost
18119,United Kingdom,368,1,181.12,1,1,1,Lost
14082,United Kingdom,365,1,182.25,1,1,1,Lost
17772,United Kingdom,11,2,182.77,5,2,1,Potential Loyalists
13059,United Kingdom,250,1,183.4,1,1,1,Lost
13460,United Kingdom,30,2,183.44,4,2,1,Potential Loyalists
14059,United Kingdom,267,1,183.6,1,1,1,Lost
16680,United Kingdom,44,1,183.7,3,1,1,Potential Loyalists
14326,United Kingdom,243,1,183.85,1,1,1,Lost
15124,United Kingdom,23,2,184.19,4,2,1,Potential Loyalists
16433,United Kingdom,29,1,184.26,4,1,1,Potential Loyalists
17680,United Kingdom,24,1,184.4,4,1,1,Potential Loyalists
13482,United Kingdom,233,1,184.64,1,1,1,Lost
16097,United Kingdom,241,1,185.05,1,1,1,Lost
14199,United Kingdom,219,1,185.4,1,1,1,Lost
17574,United Kingdom,243,1,185.65,1,1,1,Lost
12641,Sweden,116,1,185.9,2,1,1,Lost
15567,United Kingdom,19,1,186.01,4,1,1,Potential Loyalists
14551,United Kingdom,19,2,186.23,4,2,1,Potential Loyalists
13672,United Kingdom,302,2,186.39,1,2,1,Lost
17440,United Kingdom,157,3,186.42,2,3,1,At Risk
18013,United Kingdom,156,2,187.29,2,2,1,Lost
17279,United Kingdom,58,1,187.83,3,1,1,Potential Loyalists
14722,United Kingdom,148,1,187.92,2,1,1,Lost
17781,United Kingdom,160,2,188.02,2,2,1,Lost
12893,United Kingdom,31,1,188.14,4,1,1,Potential Loyalists
14697,United Kingdom,219,2,188.61,1,2,1,Lost
16448,United Kingdom,199,1,188.89,1,1,1,Lost
18045,United Kingdom,46,1,189.4,3,1,1,Potential Loyalists
13663,United Kingdom,180,1,189.47,1,1,1,Lost
13826,United Kingdom,177,1,189.5,2,1,1,Lost
12361,Belgium,288,1,189.9,1,1,1,Lost
17885,United Kingdom,13,1,190.19,5,1,1,Potential Loyalists
13972,United Kingdom,71,2,190.25,3,2,1,Potential Loyalists
15412,United Kingdom,172,1,190.53,2,1,1,Lost
13033,United Kingdom,358,1,190.55,1,1,1,Lost
17233,United Kingdom,36,1,190.88,3,1,1,Potential Loyalists
15692,United Kingdom,29,1,191.04,4,1,1,Potential Loyalists
14966,United Kingdom,15,1,191.32,4,1,1,Potential Loyalists
17904,United Kingdom,22,1,191.67,4,1,1,Potential Loyalists
15909,United Kingdom,174,1,191.94,2,1,1,Lost
12791,Netherlands,374,1,192.6,1,1,1,Lost
14768,United Kingdom,18,2,192.6,4,2,1,Potential Loyalists
12522,Germany,40,2,192.72,3,2,1,Potential Loyalists
13568,United Kingdom,174,1,192.85,2,1,1,Lost
14801,United Kingdom,62,1,193.14,3,1,1,Potential Loyalists
14806,United Kingdom,76,1,193.39,2,1,1,Lost
17608,United Kingdom,34,2,193.42,3,2,1,Potential Loyalists
16847,United Kingdom,44,1,193.44,3,1,1,Potential Loyalists
15198,United Kingdom,93,2,193.64,2,2,1,Lost
17343,United Kingdom,356,1,193.64,1,1,1,Lost
15683,United Kingdom,118,1,193.75,2,1,1,Lost
17475,United Kingdom,80,1,194.37,2,1,1,Lost
14087,United Kingdom,3,1,194.42,5,1,1,Potential Loyalists
16887,United Kingdom,36,1,194.88,3,1,1,Potential Loyalists
14100,United Kingdom,138,1,194.9,2,1,1,Lost
15612,United Kingdom,37,2,195.15,3,2,1,Potential Loyalists
14666,United Kingdom,25,1,195.25,4,1,1,Potential Loyalists
17010,United Kingdom,19,1,195.36,4,1,1,Potential Loyalists
13792,United Kingdom,67,2,195.55,3,2,1,Potential Loyalists
16112,United Kingdom,144,4,195.74,2,4,1,At Risk
17660,United Kingdom,142,1,196.0,2,1,1,Lost
13978,United Kingdom,15,2,196.79,4,2,1,Potential Loyalists
15746,United Kingdom,135,1,196.88,2,1,1,Lost
13436,United Kingdom,2,1,196.89,5,1,1,Potential Loyalists
12586,Italy,18,1,196.94,4,1,1,Potential Loyalists
15234,United Kingdom,277,1,197.0,1,1,1,Lost
14830,United Kingdom,54,1,197.13,3,1,1,Potential Loyalists
16829,United Kingdom,157,1,197.22,2,1,1,Lost
17301,United Kingdom,22,1,197.63,4,1,1,Potential Loyalists
14789,United Kingdom,29,1,197.64,4,1,1,Potential Loyalists
14185,United Kingdom,332,1,197.65,1,1,1,Lost
12581,Germany,40,1,197.71,3,1,1,Potential Loyalists
12450,Spain,157,2,197.88,2,2,1,Lost
16178,United Kingdom,139,1,197.9,2,1,1,Lost
17987,United Kingdom,186,1,198.57,1,1,1,Lost
16832,United Kingdom,185,3,199.15,1,3,1,At Risk
17383,United Kingdom,5,1,199.29,5,1,1,Potential Loyalists
13322,United Kingdom,18,1,199.48,4,1,1,Potential Loyalists
15593,United Kingdom,71,1,199.8,3,1,1,Potential Loyalists
13723,United Kingdom,218,1,199.85,1,1,1,Lost
14782,United Kingdom,320,1,200.1,1,1,1,Lost
13980,United Kingdom,61,1,200.14,3,1,1,Potential Loyalists
15437,United Kingdom,263,1,200.16,1,1,1,Lost
13262,United Kingdom,264,1,200.29,1,1,1,Lost
17693,United Kingdom,138,1,200.47,2,1,1,Lost
17988,United Kingdom,12,7,201.12,5,5,1,Loyal Customers
13859,United Kingdom,327,1,201.16,1,1,1,Lost
13284,United Kingdom,331,1,201.19,1,1,1,Lost
16965,United Kingdom,227,1,201.19,1,1,1,Lost
13295,United Kingdom,360,1,201.2,1,1,1,Lost
15347,United Kingdom,367,1,201.6,1,1,1,Lost
14385,United Kingdom,10,3,202.11,5,3,1,Loyal Customers
18169,United Kingdom,61,1,202.65,3,1,1,Potential Loyalists
14381,United Kingdom,53,1,202.68,3,1,1,Potential Loyalists
15723,United Kingdom,365,1,203.1,1,1,1,Lost
17376,United Kingdom,71,2,203.2,3,2,1,Potential Loyalists
17891,United Kingdom,163,1,203.86,2,1,1,Lost
17394,United Kingdom,220,1,203.87,1,1,1,Lost
17889,United Kingdom,213,2,203.87,1,2,1,Lost
17187,United Kingdom,227,1,203.95,1,1,1,Lost
13017,United Kingdom,8,1,204.0,5,1,1,Potential Loyalists
18273,United Kingdom,3,3,204.0,5,3,1,Loyal Customers
17206,United Kingdom,54,1,204.24,3,1,1,Potential Loyalists
15319,United Kingdom,284,1,204.5,1,1,1,Lost
13513,United Kingdom,127,1,205.1,2,1,1,Lost
15758,United Kingdom,25,1,205.25,4,1,1,Potential Loyalists
15307,United Kingdom,96,1,205.3,2,1,1,Lost
17843,United Kingdom,304,1,205.48,1,1,1,Lost
17670,United Kingdom,228,1,205.7,1,1,1,Lost
13065,United Kingdom,374,1,205.86,1,1,1,Lost
14964,United Kingdom,248,1,206.21,1,1,1,Lost
17166,United Kingdom,39,2,206.34,3,2,1,Potential Loyalists
18126,United Kingdom,61,1,206.83,3,1,1,Potential Loyalists
15820,United Kingdom,320,1,206.98,1,1,1,Lost
15925,United Kingdom,195,1,207.15,1,1,1,Lost
13099,United Kingdom,100,1,207.36,2,1,1,Lost
16323,United Kingdom,197,1,207.5,1,1,1,Lost
16752,United Kingdom,373,1,207.5,1,1,1,Lost
17923,United Kingdom,283,1,207.5,1,1,1,Lost
16866,United Kingdom,141,3,207.74,2,3,1,At Risk
12547,Spain,198,2,207.8,1,2,1,Lost
18191,United Kingdom,262,1,207.8,1,1,1,Lost
16457,United Kingdom,219,1,208.36,1,1,1,Lost
16914,United Kingdom,37,1,208.46,3,1,1,Potential Loyalists
17514,United Kingdom,129,1,208.65,2,1,1,Lost
15327,United Kingdom,53,1,208.75,3,1,1,Potential Loyalists
17855,United Kingdom,373,1,208.97,1,1,1,Lost
13828,United Kingdom,23,1,209.49,4,1,1,Potential Loyalists
13532,United Kingdom,34,1,210.31,3,1,1,Potential Loyalists
16415,United Kingdom,45,1,210.35,3,1,1,Potential Loyalists
12995,United Kingdom,86,1,211.32,2,1,1,Lost
15703,United Kingdom,265,1,211.5,1,1,1,Lost
16356,United Kingdom,198,3,211.77,1,3,1,At Risk
16017,United Kingdom,48,1,211.88,3,1,1,Potential Loyalists
17928,United Kingdom,46,2,212.54,3,2,1,Potential Loyalists
14984,United Kingdom,20,2,213.27,4,2,1,Potential Loyalists
15540,United Kingdom,12,1,213.3,5,1,1,Potential Loyalists
16591,United Kingdom,69,1,213.5,3,1,1,Potential Loyalists
13411,United Kingdom,108,1,213.55,2,1,1,Lost
14241,United Kingdom,184,1,213.7,1,1,1,Lost
17153,United Kingdom,25,1,213.78,4,1,1,Potential Loyalists
13621,United Kingdom,117,1,213.85,2,1,1,Lost
14601,United Kingdom,11,1,213.96,5,1,1,Potential Loyalists
16647,United Kingdom,170,2,214.06,2,2,1,Lost
16846,United Kingdom,51,1,214.32,3,1,1,Potential Loyalists
16411,United Kingdom,20,2,214.65,4,2,1,Potential Loyalists
16338,United Kingdom,158,1,214.8,2,1,1,Lost
12588,Finland,40,1,214.9,3,1,1,Potential Loyalists
12831,United Kingdom,263,1,215.05,1,1,1,Lost
16190,United Kingdom,41,1,215.08,3,1,1,Potential Loyalists
16519,United Kingdom,26,2,215.08,4,2,1,Potential Loyalists
16189,United Kingdom,16,2,215.48,4,2,1,Potential Loyalists
14476,United Kingdom,258,1,215.7,1,1,1,Lost
17580,United Kingdom,253,3,215.72,1,3,1,At Risk
15052,United Kingdom,320,1,215.78,1,1,1,Lost
16179,United Kingdom,61,1,215.83,3,1,1,Potential Loyalists
13858,United Kingdom,58,1,216.17,3,1,1,Potential Loyalists
14104,United Kingdom,155,2,216.21,2,2,1,Lost
17436,United Kingdom,2,2,216.3,5,2,1,Potential Loyalists
15604,United Kingdom,53,1,216.39,3,1,1,Potential Loyalists
12897,United Kingdom,205,2,216.5,1,2,1,Lost
15460,United Kingdom,355,1,216.76,1,1,1,Lost
13503,United Kingdom,72,1,216.85,2,1,1,Lost
13739,United Kingdom,19,1,216.9,4,1,1,Potential Loyalists
16080,United Kingdom,82,2,217.16,2,2,1,Lost
15554,United Kingdom,278,1,217.2,1,1,1,Lost
13271,United Kingdom,38,1,217.38,3,1,1,Potential Loyalists
16634,United Kingdom,223,2,217.9,1,2,1,Lost
14570,United Kingdom,281,2,218.06,1,2,1,Lost
15724,United Kingdom,202,2,218.25,1,2,1,Lost
12574,France,316,1,218.45,1,1,1,Lost
13428,United Kingdom,11,1,218.47,5,1,1,Potential Loyalists
17619,United Kingdom,313,1,218.52,1,1,1,Lost
13669,United Kingdom,51,2,218.55,3,2,1,Potential Loyalists
12702,Germany,20,1,219.0,4,1,1,Potential Loyalists
16895,United Kingdom,65,1,219.14,3,1,1,Potential Loyalists
15096,United Kingdom,43,1,219.39,3,1,1,Potential Loyalists
13600,United Kingdom,313,1,219.52,1,1,1,Lost
13079,United Kingdom,5,5,220.1,5,4,1,Loyal Customers
18114,United Kingdom,291,1,220.1,1,1,1,Lost
16482,United Kingdom,16,1,220.62,4,1,1,Potential Loyalists
15790,United Kingdom,11,1,220.85,5,1,1,Potential Loyalists
13419,United Kingdom,64,1,221.06,3,1,1,Potential Loyalists
16392,United Kingdom,270,1,221.19,1,1,1,Lost
14960,United Kingdom,9,2,221.27,5,2,1,Potential Loyalists
14598,United Kingdom,45,1,221.97,3,1,1,Potential Loyalists
15897,United Kingdom,195,2,222.05,1,2,1,Lost
13382,United Kingdom,281,1,222.99,1,1,1,Lost
15637,United Kingdom,53,1,223.36,3,1,1,Potential Loyalists
17534,United Kingdom,54,1,223.36,3,1,1,Potential Loyalists
18101,United Kingdom,12,2,223.65,5,2,1,Potential Loyalists
13926,United Kingdom,24,1,223.85,4,1,1,Potential Loyalists
14929,United Kingdom,33,1,223.88,3,1,1,Potential Loyalists
16753,United Kingdom,59,1,223.92,3,1,1,Potential Loyalists
16471,United Kingdom,275,1,223.95,1,1,1,Lost
15175,United Kingdom,72,1,224.14,3,1,1,Potential Loyalists
17171,United Kingdom,290,1,224.91,1,1,1,Lost
16587,United Kingdom,233,1,225.15,1,1,1,Lost
14052,United Kingdom,20,1,225.36,4,1,1,Potential Loyalists
16690,United Kingdom,73,2,225.58,2,2,1,Lost
12402,Belgium,324,1,225.6,1,1,1,Lost
14357,United Kingdom,44,1,225.77,3,1,1,Potential Loyalists
14624,United Kingdom,58,2,225.85,3,2,1,Potential Loyalists
12672,France,330,1,225.9,1,1,1,Lost
17789,United Kingdom,282,1,225.9,1,1,1,Lost
16619,United Kingdom,264,1,226.21,1,1,1,Lost
16777,United Kingdom,81,2,226.35,2,2,1,Lost
16315,United Kingdom,331,1,226.37,1,1,1,Lost
17572,United Kingdom,72,4,226.75,3,4,1,Loyal Customers
17212,United Kingdom,254,1,226.85,1,1,1,Lost
14569,United Kingdom,2,1,227.39,5,1,1,Potential Loyalists
16527,United Kingdom,82,1,228.06,2,1,1,Lost
17969,United Kingdom,167,2,228.2,2,2,1,Lost
13070,United Kingdom,193,1,228.8,1,1,1,Lost
13712,United Kingdom,247,1,228.84,1,1,1,Lost
13146,United Kingdom,27,1,228.91,4,1,1,Potential Loyalists
17347,United Kingdom,87,1,228.96,2,1,1,Lost
14793,United Kingdom,22,1,228.99,4,1,1,Potential Loyalists
15528,United Kingdom,255,1,229.33,1,1,1,Lost
13008,United Kingdom,324,1,229.47,1,1,1,Lost
13474,United Kingdom,237,1,229.59,1,1,1,Lost
12812,Japan,45,1,229.64,3,1,1,Potential Loyalists
13960,United Kingdom,22,2,230.22,4,2,1,Potential Loyalists
16926,United Kingdom,372,1,230.25,1,1,1,Lost
13786,United Kingdom,368,1,230.4,1,1,1,Lost
16445,United Kingdom,34,1,230.51,3,1,1,Potential Loyalists
15866,United Kingdom,102,1,230.53,2,1,1,Lost
18030,United Kingdom,5,2,230.65,5,2,1,Potential Loyalists
16641,United Kingdom,106,1,231.1,2,1,1,Lost
15393,United Kingdom,17,2,231.86,4,2,1,Potential Loyalists
16117,United Kingdom,190,1,232.21,1,1,1,Lost
18213,United Kingdom,237,1,232.48,1,1,1,Lost
13678,United Kingdom,152,1,232.6,2,1,1,Lost
16302,United Kingdom,127,1,233.22,2,1,1,Lost
14995,United Kingdom,39,2,233.23,3,2,1,Potential Loyalists
16583,United Kingdom,374,1,233.45,1,1,1,Lost
13348,United Kingdom,65,1,233.76,3,1,1,Potential Loyalists
15483,United Kingdom,162,4,233.81,2,4,1,At Risk
12736,France,333,1,234.0,1,1,1,Lost
16961,United Kingdom,117,1,234.17,2,1,1,Lost
17060,United Kingdom,267,1,234.24,1,1,1,Lost
14473,United Kingdom,75,2,234.34,2,2,1,Lost
15462,United Kingdom,95,3,234.6,2,3,1,At Risk
13187,United Kingdom,338,1,236.02,1,1,1,Lost
16026,United Kingdom,44,1,236.09,3,1,1,Potential Loyalists
12732,France,180,1,236.26,1,1,1,Lost
18110,United Kingdom,20,1,236.3,4,1,1,Potential Loyalists
15457,United Kingdom,263,1,237.07,1,1,1,Lost
14586,United Kingdom,277,1,237.36,1,1,1,Lost
17877,United Kingdom,171,1,237.61,2,1,1,Lost
12718,France,72,1,238.25,2,1,1,Lost
12561,Germany,303,1,238.85,1,1,1,Lost
15850,United Kingdom,20,2,238.85,4,2,1,Potential Loyalists
16756,United Kingdom,215,1,239.4,1,1,1,Lost
17684,United Kingdom,44,1,239.41,3,1,1,Potential Loyalists
13570,United Kingdom,244,1,239.49,1,1,1,Lost
15690,United Kingdom,5,2,239.76,5,2,1,Potential Loyalists
17181,United Kingdom,58,2,239.92,3,2,1,Potential Loyalists
17256,United Kingdom,108,2,240.0,2,2,1,Lost
13565,United Kingdom,20,2,240.22,4,2,1,Potential Loyalists
15286,United Kingdom,50,1,240.55,3,1,1,Potential Loyalists
15598,United Kingdom,54,1,240.68,3,1,1,Potential Loyalists
16427,United Kingdom,264,2,241.06,1,2,1,Lost
14523,United Kingdom,109,1,241.09,2,1,1,Lost
15776,United Kingdom,134,1,241.62,2,1,1,Lost
16215,United Kingdom,81,1,242.35,2,1,1,Lost
14647,United Kingdom,202,1,243.22,1,1,1,Lost
17908,United Kingdom,374,1,243.28,1,1,1,Lost
17339,United Kingdom,95,2,243.36,2,2,1,Lost
15634,United Kingdom,18,1,243.55,4,1,1,Potential Loyalists
13886,United Kingdom,72,1,243.56,3,1,1,Potential Loyalists
18193,United Kingdom,166,1,243.76,2,1,1,Lost
16793,United Kingdom,58,1,243.84,3,1,1,Potential Loyalists
13103,United Kingdom,40,1,243.94,3,1,1,Potential Loyalists
17925,United Kingdom,373,1,244.08,1,1,1,Lost
17892,United Kingdom,57,3,244.1,3,3,1,Loyal Customers
16528,United Kingdom,4,1,244.41,5,1,1,Potential Loyalists
15118,United Kingdom,135,1,244.8,2,1,1,Lost
16601,United Kingdom,41,1,244.8,3,1,1,Potential Loyalists
12660,France,12,1,245.1,5,1,1,Potential Loyalists
17771,United Kingdom,57,2,245.81,3,2,1,Potential Loyalists
16778,United Kingdom,75,2,245.94,2,2,1,Lost
17278,United Kingdom,242,1,246.04,1,1,1,Lost
15783,United Kingdom,11,1,246.3,5,1,1,Potential Loyalists
17051,United Kingdom,195,1,247.14,1,1,1,Lost
14658,United Kingdom,6,2,247.15,5,2,1,Potential Loyalists
13349,United Kingdom,11,1,247.32,5,1,1,Potential Loyalists
18072,United Kingdom,186,1,247.44,1,1,1,Lost
13592,United Kingdom,36,4,247.96,3,4,1,Loyal Customers
15097,United Kingdom,5,1,248.08,5,1,1,Potential Loyalists
16510,United Kingdom,373,1,248.1,1,1,1,Lost
18212,United Kingdom,327,1,248.42,1,1,1,Lost
13061,United Kingdom,73,1,248.61,2,1,1,Lost
17111,United Kingdom,48,1,248.61,3,1,1,Potential Loyalists
16124,United Kingdom,318,1,249.0,1,1,1,Lost
18005,United Kingdom,4,2,249.72,5,2,1,Potential Loyalists
17456,United Kingdom,366,1,249.86,1,1,1,Lost
15510,United Kingdom,331,1,250.0,1,1,1,Lost
17303,United Kingdom,362,1,250.04,1,1,1,Lost
16596,United Kingdom,16,2,250.15,4,2,1,Potential Loyalists
13207,United Kingdom,16,2,250.26,4,2,2,Potential Loyalists
13512,United Kingdom,261,1,251.21,1,1,2,Lost
14501,United Kingdom,184,2,251.21,1,2,2,Lost
16024,United Kingdom,13,1,251.24,5,1,2,Potential Loyalists
16976,United Kingdom,268,1,251.52,1,1,2,Lost
17155,United Kingdom,18,2,251.7,4,2,2,Potential Loyalists
16836,United Kingdom,40,2,251.87,3,2,2,Potential Loyalists
16330,United Kingdom,18,3,251.91,4,3,2,Loyal Customers
13711,United Kingdom,219,2,252.06,1,2,2,Lost
13645,United Kingdom,121,1,252.1,2,1,2,Lost
15346,United Kingdom,333,1,252.42,1,1,2,Lost
13404,United Kingdom,2,2,252.49,5,2,2,Potential Loyalists
15035,United Kingdom,90,1,252.73,2,1,2,Lost
17860,United Kingdom,369,1,252.8,1,1,2,Lost
15759,United Kingdom,219,3,253.04,1,3,2,At Risk
12797,Portugal,366,1,254.03,1,1,2,Lost
15689,United Kingdom,120,2,254.1,2,2,2,Lost
14765,United Kingdom,30,3,254.11,4,3,2,Loyal Customers
12604,France,80,2,254.18,2,2,2,Lost
15261,United Kingdom,136,1,254.82,2,1,2,Lost
16226,United Kingdom,204,3,255.12,1,3,2,At Risk
14881,United Kingdom,20,1,255.4,4,1,2,Potential Loyalists
14761,United Kingdom,59,2,255.9,3,2,2,Potential Loyalists
15277,United Kingdom,47,1,255.9,3,1,2,Potential Loyalists
17896,United Kingdom,24,1,256.32,4,1,2,Potential Loyalists
13806,United Kingdom,64,1,256.38,3,1,2,Potential Loyalists
12430,Norway,44,1,256.4,3,1,2,Potential Loyalists
16048,United Kingdom,374,2,256.44,1,2,2,Lost
13626,United Kingdom,253,1,257.23,1,1,2,Lost
18009,United Kingdom,236,1,257.34,1,1,2,Lost
14375,United Kingdom,186,1,257.68,1,1,2,Lost
13227,United Kingdom,202,1,257.7,1,1,2,Lost
13277,United Kingdom,16,4,258.4,4,4,2,Loyal Customers
15577,United Kingdom,152,3,258.88,2,3,2,At Risk
16447,United Kingdom,136,1,259.01,2,1,2,Lost
13127,United Kingdom,78,1,259.17,2,1,2,Lost
17125,United Kingdom,51,1,259.35,3,1,2,Potential Loyalists
15143,United Kingdom,226,1,259.45,1,1,2,Lost
15014,United Kingdom,44,2,260.17,3,2,2,Potential Loyalists
14053,United Kingdom,125,2,260.25,2,2,2,Lost
13189,United Kingdom,19,2,260.68,4,2,2,Potential Loyalists
17385,United Kingdom,15,1,261.11,4,1,2,Potential Loyalists
16413,United Kingdom,57,1,262.2,3,1,2,Potential Loyalists
17194,United Kingdom,274,2,262.62,1,2,2,Lost
16936,United Kingdom,26,1,262.68,4,1,2,Potential Loyalists
12492,Germany,64,2,263.21,3,2,2,Potential Loyalists
15894,United Kingdom,254,2,263.55,1,2,2,Lost
14452,United Kingdom,11,2,264.44,5,2,2,Potential Loyalists
15912,United Kingdom,179,2,264.62,2,2,2,Lost
13973,United Kingdom,288,1,264.7,1,1,2,Lost
14423,United Kingdom,219,1,265.2,1,1,2,Lost
17430,United Kingdom,33,2,265.76,4,2,2,Potential Loyalists
14068,United Kingdom,321,1,265.85,1,1,2,Lost
15019,United Kingdom,267,1,266.0,1,1,2,Lost
12962,United Kingdom,8,2,266.39,5,2,2,Potential Loyalists
15119,United Kingdom,246,1,266.4,1,1,2,Lost
14863,United Kingdom,30,1,266.76,4,1,2,Potential Loyalists
16451,United Kingdom,88,1,266.97,2,1,2,Lost
15517,United Kingdom,234,1,267.03,1,1,2,Lost
17708,United Kingdom,188,2,267.08,1,2,2,Lost
15320,United Kingdom,45,1,267.13,3,1,2,Potential Loyalists
17550,United Kingdom,198,3,267.16,1,3,2,At Risk
15408,United Kingdom,265,1,267.18,1,1,2,Lost
14727,United Kingdom,275,1,268.58,1,1,2,Lost
12558,USA,8,1,269.96,5,1,2,Potential Loyalists
13242,United Kingdom,113,3,270.4,2,3,2,At Risk
14520,United Kingdom,2,2,270.6,5,2,2,Potential Loyalists
13533,United Kingdom,183,3,270.79,1,3,2,At Risk
15774,United Kingdom,69,1,270.8,3,1,2,Potential Loyalists
17011,United Kingdom,31,1,270.9,4,1,2,Potential Loyalists
18108,United Kingdom,255,1,271.0,1,1,2,Lost
17496,United Kingdom,359,1,271.05,1,1,2,Lost
17767,United Kingdom,16,1,271.2,4,1,2,Potential Loyalists
13837,United Kingdom,212,2,271.24,1,2,2,Lost
13058,United Kingdom,25,3,271.4,4,3,2,Loyal Customers
14816,United Kingdom,198,1,271.85,1,1,2,Lost
13917,United Kingdom,50,2,272.04,3,2,2,Potential Loyalists
14819,United Kingdom,65,2,272.07,3,2,2,Potential Loyalists
17498,United Kingdom,76,1,272.22,2,1,2,Lost
17254,United Kingdom,5,2,272.44,5,2,2,Potential Loyalists
16727,United Kingdom,365,1,272.82,1,1,2,Lost
16313,United Kingdom,4,2,274.15,5,2,2,Potential Loyalists
14512,United Kingdom,188,2,275.28,1,2,2,Lost
12750,Poland,129,1,275.88,2,1,2,Lost
14508,United Kingdom,23,2,276.42,4,2,2,Potential Loyalists
13272,United Kingdom,32,2,276.56,4,2,2,Potential Loyalists
16883,United Kingdom,188,2,276.73,1,2,2,Lost
15355,United Kingdom,30,2,277.05,4,2,2,Potential Loyalists
13803,United Kingdom,256,1,277.07,1,1,2,Lost
17968,United Kingdom,374,1,277.35,1,1,2,Lost
14908,United Kingdom,75,1,277.8,2,1,2,Lost
14764,United Kingdom,47,1,278.3,3,1,2,Potential Loyalists
17786,United Kingdom,86,2,278.74,2,2,2,Lost
14480,United Kingdom,12,1,279.05,5,1,2,Potential Loyalists
15556,United Kingdom,25,1,279.77,4,1,2,Potential Loyalists
14975,United Kingdom,58,1,279.94,3,1,2,Potential Loyalists
16149,United Kingdom,5,2,280.52,5,2,2,Potential Loyalists
13606,United Kingdom,30,3,280.54,4,3,2,Loyal Customers
14242,United Kingdom,235,2,280.55,1,2,2,Lost
16848,United Kingdom,53,1,281.42,3,1,2,Potential Loyalists
17403,United Kingdom,37,1,281.62,3,1,2,Potential Loyalists
16557,United Kingdom,25,2,281.85,4,2,2,Potential Loyalists
17247,United Kingdom,16,1,282.19,4,1,2,Potential Loyalists
13177,United Kingdom,65,1,282.45,3,1,2,Potential Loyalists
13754,United Kingdom,152,2,282.6,2,2,2,Lost
14350,United Kingdom,275,1,282.93,1,1,2,Lost
17694,United Kingdom,142,1,283.12,2,1,2,Lost
18270,United Kingdom,39,2,283.15,3,2,2,Potential Loyalists
17251,United Kingdom,363,1,283.28,1,1,2,Lost
17783,United Kingdom,73,2,283.47,2,2,2,Lost
12703,Germany,72,1,283.55,2,1,2,Lost
13439,United Kingdom,256,1,283.71,1,1,2,Lost
13121,United Kingdom,270,1,283.73,1,1,2,Lost
18190,United Kingdom,193,2,284.46,1,2,2,Lost
16429,United Kingdom,107,1,284.55,2,1,2,Lost
17636,United Kingdom,20,1,285.56,4,1,2,Potential Loyalists
14660,United Kingdom,87,2,285.74,2,2,2,Lost
16555,United Kingdom,36,2,285.89,3,2,2,Potential Loyalists
13760,United Kingdom,55,2,286.79,3,2,2,Potential Loyalists
16432,United Kingdom,65,1,287.4,3,1,2,Potential Loyalists
17760,United Kingdom,22,2,287.59,4,2,2,Potential Loyalists
17080,United Kingdom,23,2,287.62,4,2,2,Potential Loyalists
17977,United Kingdom,30,1,288.14,4,1,2,Potential Loyalists
15396,United Kingdom,113,1,288.18,2,1,2,Lost
16808,United Kingdom,100,2,288.42,2,2,2,Lost
17501,United Kingdom,221,2,288.6,1,2,2,Lost
14549,United Kingdom,312,1,289.24,1,1,2,Lost
16125,United Kingdom,368,1,289.35,1,1,2,Lost
14162,United Kingdom,174,2,289.36,2,2,2,Lost
16897,United Kingdom,300,2,289.78,1,2,2,Lost
14953,United Kingdom,26,1,289.82,4,1,2,Potential Loyalists
17464,United Kingdom,159,1,289.96,2,1,2,Lost
14784,United Kingdom,27,2,289.99,4,2,2,Potential Loyalists
17081,United Kingdom,26,2,290.16,4,2,2,Potential Loyalists
16526,United Kingdom,172,1,290.36,2,1,2,Lost
17691,United Kingdom,359,2,290.4,1,2,2,Lost
15279,United Kingdom,355,1,290.51,1,1,2,Lost
16648,United Kingdom,43,1,290.66,3,1,2,Potential Loyalists
14947,United Kingdom,73,2,290.82,2,2,2,Lost
14656,United Kingdom,170,2,291.05,2,2,2,Lost
13544,United Kingdom,40,2,291.41,3,2,2,Potential Loyalists
13449,United Kingdom,24,1,291.88,4,1,2,Potential Loyalists
13502,United Kingdom,17,3,292.0,4,3,2,Loyal Customers
13259,United Kingdom,62,1,292.32,3,1,2,Potential Loyalists
16721,United Kingdom,263,1,292.47,1,1,2,Lost
15545,United Kingdom,55,2,292.72,3,2,2,Potential Loyalists
12829,United Kingdom,337,2,293.0,1,2,2,Lost
17163,United Kingdom,22,2,293.1,4,2,2,Potential Loyalists
15732,United Kingdom,213,2,294.12,1,2,2,Lost
13573,United Kingdom,51,2,294.4,3,2,2,Potential Loyalists
16998,United Kingdom,150,4,295.0,2,4,2,At Risk
13504,United Kingdom,65,1,295.93,3,1,2,Potential Loyalists
13751,United Kingdom,289,1,296.25,1,1,2,Lost
15154,United Kingdom,76,1,296.42,2,1,2,Lost
13441,United Kingdom,92,1,296.64,2,1,2,Lost
17531,United Kingdom,191,1,296.7,1,1,2,Lost
14985,United Kingdom,199,2,296.75,1,2,2,Lost
13708,United Kingdom,272,1,296.88,1,1,2,Lost
15857,United Kingdom,19,1,297.0,4,1,2,Potential Loyalists
12881,United Kingdom,276,1,298.0,1,1,2,Lost
17678,United Kingdom,264,1,298.11,1,1,2,Lost
17824,United Kingdom,52,1,298.4,3,1,2,Potential Loyalists
17255,United Kingdom,41,2,298.41,3,2,2,Potential Loyalists
15609,United Kingdom,185,1,298.48,1,1,2,Lost
17124,United Kingdom,186,1,298.89,1,1,2,Lost
18215,United Kingdom,90,1,299.34,2,1,2,Lost
16402,United Kingdom,265,2,299.6,1,2,2,Lost
18053,United Kingdom,71,1,300.02,3,1,2,Potential Loyalists
13745,United Kingdom,163,1,300.04,2,1,2,Lost
15254,United Kingdom,128,1,300.36,2,1,2,Lost
13304,United Kingdom,352,1,300.42,1,1,2,Lost
14762,United Kingdom,264,1,300.52,1,1,2,Lost
16479,United Kingdom,11,2,300.83,5,2,2,Potential Loyalists
16430,United Kingdom,58,1,300.85,3,1,2,Potential Loyalists
17978,United Kingdom,366,1,300.92,1,1,2,Lost
13479,United Kingdom,201,2,300.95,1,2,2,Lost
15623,United Kingdom,142,1,301.03,2,1,2,Lost
15148,United Kingdom,11,1,301.29,5,1,2,Potential Loyalists
15667,United Kingdom,40,1,301.32,3,1,2,Potential Loyalists
16715,United Kingdom,79,1,301.72,2,1,2,Lost
16297,United Kingdom,269,1,301.9,1,1,2,Lost
17094,United Kingdom,323,1,302.0,1,1,2,Lost
15054,United Kingdom,13,2,302.1,5,2,2,Potential Loyalists
17506,United Kingdom,76,1,302.2,2,1,2,Lost
16292,United Kingdom,122,1,302.25,2,1,2,Lost
16104,United Kingdom,62,1,302.36,3,1,2,Potential Loyalists
18165,United Kingdom,178,1,302.46,2,1,2,Lost
14248,United Kingdom,319,1,302.58,1,1,2,Lost
16425,United Kingdom,303,1,302.7,1,1,2,Lost
15060,United Kingdom,9,4,303.09,5,4,2,Loyal Customers
17433,United Kingdom,89,1,303.16,2,1,2,Lost
13083,United Kingdom,5,2,303.75,5,2,2,Potential Loyalists
16400,United Kingdom,95,1,303.93,2,1,2,Lost
17732,United Kingdom,373,1,303.97,1,1,2,Lost
16217,United Kingdom,236,2,304.25,1,2,2,Lost
18185,United Kingdom,250,1,304.25,1,1,2,Lost
15163,United Kingdom,19,2,304.47,4,2,2,Potential Loyalists
17941,United Kingdom,131,1,304.56,2,1,2,Lost
13667,United Kingdom,150,1,305.02,2,1,2,Lost
12623,Germany,277,1,305.1,1,1,2,Lost
13045,United Kingdom,100,1,305.28,2,1,2,Lost
18220,United Kingdom,227,1,305.28,1,1,2,Lost
16181,United Kingdom,74,1,305.54,2,1,2,Lost
16796,United Kingdom,90,1,305.62,2,1,2,Lost
15219,United Kingdom,177,1,305.75,2,1,2,Lost
13863,United Kingdom,248,1,305.78,1,1,2,Lost
17176,United Kingdom,202,1,306.13,1,1,2,Lost
15659,United Kingdom,44,1,306.45,3,1,2,Potential Loyalists
18059,United Kingdom,24,3,306.46,4,3,2,Loyal Customers
13718,United Kingdom,247,2,306.55,1,2,2,Lost
13762,United Kingdom,219,1,306.72,1,1,2,Lost
16668,United Kingdom,16,6,306.72,4,4,2,Loyal Customers
17551,United Kingdom,360,1,306.84,1,1,2,Lost
15087,United Kingdom,282,1,306.94,1,1,2,Lost
17334,United Kingdom,303,2,307.02,1,2,2,Lost
13142,United Kingdom,20,1,307.09,4,1,2,Potential Loyalists
13932,United Kingdom,295,1,307.4,1,1,2,Lost
17120,United Kingdom,234,1,307.46,1,1,2,Lost
14915,United Kingdom,92,2,307.48,2,2,2,Lost
13060,United Kingdom,254,1,307.53,1,1,2,Lost
13395,United Kingdom,186,1,307.72,1,1,2,Lost
13529,United Kingdom,79,2,307.76,2,2,2,Lost
16123,United Kingdom,52,1,307.78,3,1,2,Potential Loyalists
15973,United Kingdom,367,1,307.82,1,1,2,Lost
13466,United Kingdom,185,1,307.9,1,1,2,Lost
13369,United Kingdom,366,1,308.28,1,1,2,Lost
17510,United Kingdom,25,1,308.48,4,1,2,Potential Loyalists
13699,United Kingdom,156,1,308.58,2,1,2,Lost
16956,United Kingdom,18,1,308.74,4,1,2,Potential Loyalists
15010,United Kingdom,36,1,308.94,3,1,2,Potential Loyalists
13787,United Kingdom,76,2,309.04,2,2,2,Lost
12884,United Kingdom,89,1,309.05,2,1,2,Lost
17604,United Kingdom,218,2,309.36,1,2,2,Lost
14847,United Kingdom,149,1,309.4,2,1,2,Lost
14339,United Kingdom,243,1,309.52,1,1,2,Lost
16810,United Kingdom,193,1,309.54,1,1,2,Lost
15699,United Kingdom,18,1,309.65,4,1,2,Potential Loyalists
15661,United Kingdom,318,2,309.8,1,2,2,Lost
14924,United Kingdom,246,1,310.05,1,1,2,Lost
14311,United Kingdom,243,1,310.26,1,1,2,Lost
15308,United Kingdom,275,1,310.47,1,1,2,Lost
15185,United Kingdom,71,1,310.62,3,1,2,Potential Loyalists
17266,United Kingdom,3,3,310.64,5,3,2,Loyal Customers
17912,United Kingdom,311,5,311.01,1,4,2,At Risk
13897,United Kingdom,51,1,311.16,3,1,2,Potential Loyalists
16781,United Kingdom,373,1,311.25,1,1,2,Lost
17854,United Kingdom,186,2,311.26,1,2,2,Lost
13990,United Kingdom,214,1,311.3,1,1,2,Lost
12852,United Kingdom,295,1,311.55,1,1,2,Lost
14327,United Kingdom,164,1,311.65,2,1,2,Lost
14951,United Kingdom,80,1,311.69,2,1,2,Lost
15326,United Kingdom,334,1,311.71,1,1,2,Lost
14142,United Kingdom,374,1,311.81,1,1,2,Lost
16450,United Kingdom,150,1,311.92,2,1,2,Lost
12785,Portugal,365,1,311.95,1,1,2,Lost
17070,United Kingdom,115,1,312.14,2,1,2,Lost
17362,United Kingdom,240,2,312.23,1,2,2,Lost
12834,United Kingdom,283,1,312.38,1,1,2,Lost
15318,United Kingdom,4,1,312.62,5,1,2,Potential Loyalists
13845,United Kingdom,65,1,312.98,3,1,2,Potential Loyalists
14729,United Kingdom,374,1,313.49,1,1,2,Lost
16582,United Kingdom,114,1,313.62,2,1,2,Lost
13484,United Kingdom,242,1,313.8,1,1,2,Lost
15970,United Kingdom,304,1,314.1,1,1,2,Lost
16227,United Kingdom,226,1,314.22,1,1,2,Lost
12650,France,4,1,314.44,5,1,2,Potential Loyalists
16193,United Kingdom,237,1,314.45,1,1,2,Lost
17237,United Kingdom,12,2,314.69,5,2,2,Potential Loyalists
15766,United Kingdom,65,1,315.06,3,1,2,Potential Loyalists
16091,United Kingdom,155,2,315.06,2,2,2,Lost
12614,Germany,278,1,315.6,1,1,2,Lost
16473,United Kingdom,165,3,316.11,2,3,2,At Risk
14479,United Kingdom,254,2,316.25,1,2,2,Lost
13494,United Kingdom,312,1,316.26,1,1,2,Lost
17458,United Kingdom,16,1,316.5,4,1,2,Potential Loyalists
15204,United Kingdom,358,1,316.58,1,1,2,Lost
16761,United Kingdom,97,1,316.62,2,1,2,Lost
15243,United Kingdom,75,1,316.68,2,1,2,Lost
15385,United Kingdom,41,1,316.88,3,1,2,Potential Loyalists
15257,United Kingdom,284,1,317.15,1,1,2,Lost
16386,United Kingdom,29,2,317.2,4,2,2,Potential Loyalists
15101,United Kingdom,9,2,317.53,5,2,2,Potential Loyalists
17267,United Kingdom,128,2,317.62,2,2,2,Lost
17172,United Kingdom,79,1,317.76,2,1,2,Lost
18066,United Kingdom,76,1,318.0,2,1,2,Lost
12648,Germany,155,1,318.05,2,1,2,Lost
14703,United Kingdom,15,1,318.17,4,1,2,Potential Loyalists
17248,United Kingdom,121,1,318.65,2,1,2,Lost
17229,United Kingdom,97,2,318.76,2,2,2,Lost
17157,United Kingdom,8,2,319.0,5,2,2,Potential Loyalists
16967,United Kingdom,190,1,319.02,1,1,2,Lost
15107,United Kingdom,312,6,319.5,1,4,2,At Risk
16674,United Kingdom,55,2,319.61,3,2,2,Potential Loyalists
13986,United Kingdom,18,1,320.46,4,1,2,Potential Loyalists
14622,United Kingdom,185,1,320.58,1,1,2,Lost
16096,United Kingdom,265,1,320.62,1,1,2,Lost
18117,United Kingdom,26,1,320.72,4,1,2,Potential Loyalists
15236,United Kingdom,299,1,321.05,1,1,2,Lost
14823,United Kingdom,181,3,321.43,1,3,2,At Risk
14484,United Kingdom,51,1,321.92,3,1,2,Potential Loyalists
14424,United Kingdom,18,1,322.08,4,1,2,Potential Loyalists
15224,United Kingdom,359,2,322.08,1,2,2,Lost
16342,United Kingdom,76,4,322.41,2,4,2,At Risk
16627,United Kingdom,80,1,322.8,2,1,2,Lost
13955,United Kingdom,155,2,322.96,2,2,2,Lost
16739,United Kingdom,177,1,323.0,2,1,2,Lost
17793,United Kingdom,26,1,323.04,4,1,2,Potential Loyalists
15675,United Kingdom,82,3,323.69,2,3,2,At Risk
14555,United Kingdom,58,2,324.14,3,2,2,Potential Loyalists
16685,United Kingdom,62,2,324.24,3,2,2,Potential Loyalists
18261,United Kingdom,44,2,324.24,3,2,2,Potential Loyalists
15597,United Kingdom,36,1,324.57,3,1,2,Potential Loyalists
13801,United Kingdom,67,1,324.8,3,1,2,Potential Loyalists
12790,Netherlands,193,1,324.92,1,1,2,Lost
15944,United Kingdom,277,1,325.1,1,1,2,Lost
14850,United Kingdom,312,1,325.75,1,1,2,Lost
16830,United Kingdom,39,1,325.91,3,1,2,Potential Loyalists
12844,United Kingdom,30,2,325.96,4,2,2,Potential Loyalists
15363,United Kingdom,373,1,326.0,1,1,2,Lost
16071,United Kingdom,45,1,326.24,3,1,2,Potential Loyalists
14987,United Kingdom,16,2,326.4,4,2,2,Potential Loyalists
17715,United Kingdom,201,1,326.4,1,1,2,Lost
16322,United Kingdom,2,2,326.75,5,2,2,Potential Loyalists
14870,United Kingdom,262,1,327.25,1,1,2,Lost
16366,United Kingdom,19,1,327.3,4,1,2,Potential Loyalists
14024,United Kingdom,122,2,327.7,2,2,2,Lost
15314,United Kingdom,200,1,327.97,1,1,2,Lost
16318,United Kingdom,36,1,328.15,3,1,2,Potential Loyalists
14206,United Kingdom,240,1,328.16,1,1,2,Lost
14747,United Kingdom,250,1,328.2,1,1,2,Lost
15213,United Kingdom,319,2,328.35,1,2,2,Lost
16855,United Kingdom,24,2,328.4,4,2,2,Potential Loyalists
14012,United Kingdom,278,1,328.8,1,1,2,Lost
15153,United Kingdom,32,1,329.25,4,1,2,Potential Loyalists
17154,United Kingdom,76,1,329.34,2,1,2,Lost
13239,United Kingdom,262,1,329.56,1,1,2,Lost
17615,United Kingdom,131,3,329.6,2,3,2,At Risk
17866,United Kingdom,143,1,329.65,2,1,2,Lost
14716,United Kingdom,44,2,329.68,3,2,2,Potential Loyalists
12953,United Kingdom,10,1,329.85,5,1,2,Potential Loyalists
16593,United Kingdom,51,3,330.03,3,3,2,Loyal Customers
15130,United Kingdom,170,1,330.11,2,1,2,Lost
14517,United Kingdom,34,2,330.45,3,2,2,Potential Loyalists
13706,United Kingdom,303,1,330.79,1,1,2,Lost
15714,United Kingdom,12,2,330.88,5,2,2,Potential Loyalists
17862,United Kingdom,324,1,330.9,1,1,2,Lost
12891,United Kingdom,186,3,331.0,1,3,2,At Risk
16478,United Kingdom,26,3,331.0,4,3,2,Loyal Customers
15210,United Kingdom,226,1,331.18,1,1,2,Lost
16030,United Kingdom,310,1,331.24,1,1,2,Lost
16177,United Kingdom,51,1,331.95,3,1,2,Potential Loyalists
16803,United Kingdom,66,1,332.3,3,1,2,Potential Loyalists
16850,United Kingdom,334,1,332.41,1,1,2,Lost
13904,United Kingdom,38,2,332.64,3,2,2,Potential Loyalists
14902,United Kingdom,26,1,332.66,4,1,2,Potential Loyalists
16625,United Kingdom,275,1,333.08,1,1,2,Lost
13727,United Kingdom,29,2,333.48,4,2,2,Potential Loyalists
13216,United Kingdom,268,1,333.74,1,1,2,Lost
14264,United Kingdom,155,2,333.97,2,2,2,Lost
15918,United Kingdom,191,2,334.23,1,2,2,Lost
12350,Norway,311,1,334.4,1,1,2,Lost
15466,United Kingdom,86,1,334.53,2,1,2,Lost
14988,United Kingdom,212,1,334.54,1,1,2,Lost
12489,France,337,1,334.93,1,1,2,Lost
17221,United Kingdom,8,2,335.13,5,2,2,Potential Loyalists
16063,United Kingdom,261,1,335.32,1,1,2,Lost
14196,United Kingdom,107,1,335.52,2,1,2,Lost
18276,United Kingdom,44,1,335.86,3,1,2,Potential Loyalists
15921,United Kingdom,173,1,336.03,2,1,2,Lost
18078,United Kingdom,218,2,336.13,1,2,2,Lost
14954,United Kingdom,13,1,336.17,5,1,2,Potential Loyalists
15619,United Kingdom,11,1,336.4,5,1,2,Potential Loyalists
17384,United Kingdom,20,2,336.4,4,2,2,Potential Loyalists
17914,United Kingdom,4,1,336.43,5,1,2,Potential Loyalists
16105,United Kingdom,249,1,336.96,1,1,2,Lost
17973,United Kingdom,52,1,337.04,3,1,2,Potential Loyalists
13930,United Kingdom,58,2,337.34,3,2,2,Potential Loyalists
15942,United Kingdom,134,1,337.44,2,1,2,Lost
15652,United Kingdom,92,1,337.74,2,1,2,Lost
16183,United Kingdom,68,1,338.71,3,1,2,Potential Loyalists
17839,United Kingdom,43,1,338.8,3,1,2,Potential Loyalists
17697,United Kingdom,237,1,338.95,1,1,2,Lost
16545,United Kingdom,165,1,339.3,2,1,2,Lost
17045,United Kingdom,114,3,339.44,2,3,2,At Risk
13737,United Kingdom,201,1,339.6,1,1,2,Lost
15115,United Kingdom,19,1,340.11,4,1,2,Potential Loyalists
12519,Germany,64,1,340.84,3,1,2,Potential Loyalists
14491,United Kingdom,176,2,340.93,2,2,2,Lost
17917,United Kingdom,46,3,341.28,3,3,2,Loyal Customers
13347,United Kingdom,71,1,341.36,3,1,2,Potential Loyalists
16826,United Kingdom,52,1,341.7,3,1,2,Potential Loyalists
16851,United Kingdom,5,3,342.45,5,3,2,Loyal Customers
17201,United Kingdom,54,1,342.63,3,1,2,Potential Loyalists
12875,United Kingdom,144,2,343.23,2,2,2,Lost
15880,United Kingdom,370,1,343.28,1,1,2,Lost
18081,United Kingdom,37,3,343.45,3,3,2,Loyal Customers
15520,United Kingdom,2,1,343.5,5,1,2,Potential Loyalists
15047,United Kingdom,270,1,343.62,1,1,2,Lost
13068,United Kingdom,11,2,344.0,5,2,2,Potential Loyalists
17569,United Kingdom,333,1,344.14,1,1,2,Lost
16978,United Kingdom,78,1,344.33,2,1,2,Lost
14633,United Kingdom,267,1,344.9,1,1,2,Lost
13774,United Kingdom,82,1,345.0,2,1,2,Lost
17123,United Kingdom,162,1,345.3,2,1,2,Lost
15781,United Kingdom,26,3,345.46,4,3,2,Loyal Customers
13091,United Kingdom,29,1,345.82,4,1,2,Potential Loyalists
16423,United Kingdom,25,1,346.12,4,1,2,Potential Loyalists
13649,United Kingdom,257,2,346.6,1,2,2,Lost
13062,United Kingdom,192,1,346.98,1,1,2,Lost
17668,United Kingdom,2,2,347.75,5,2,2,Potential Loyalists
13497,United Kingdom,283,2,348.05,1,2,2,Lost
14379,United Kingdom,45,2,348.1,3,2,2,Potential Loyalists
13052,United Kingdom,213,1,348.15,1,1,2,Lost
16159,United Kingdom,282,1,348.2,1,1,2,Lost
15579,United Kingdom,69,2,348.6,3,2,2,Potential Loyalists
12527,Germany,82,3,348.71,2,3,2,At Risk
18127,United Kingdom,20,3,348.73,4,3,2,Loyal Customers
13790,United Kingdom,5,1,348.8,5,1,2,Potential Loyalists
13927,United Kingdom,75,1,348.99,2,1,2,Lost
15405,United Kingdom,190,1,349.1,1,1,2,Lost
18250,United Kingdom,311,1,349.27,1,1,2,Lost
13887,United Kingdom,205,1,349.55,1,1,2,Lost
13670,United Kingdom,76,1,349.7,2,1,2,Lost
12532,France,31,1,349.83,4,1,2,Potential Loyalists
13108,United Kingdom,373,1,350.06,1,1,2,Lost
17795,United Kingdom,180,2,350.39,2,2,2,Lost
17835,United Kingdom,3,3,350.64,5,3,2,Loyal Customers
13740,United Kingdom,241,1,350.75,1,1,2,Lost
13332,United Kingdom,15,1,350.9,4,1,2,Potential Loyalists
15900,United Kingdom,24,1,351.11,4,1,2,Potential Loyalists
13923,United Kingdom,54,1,351.13,3,1,2,Potential Loyalists
15789,United Kingdom,359,1,351.3,1,1,2,Lost
12566,Germany,87,1,351.65,2,1,2,Lost
15334,United Kingdom,157,3,351.67,2,3,2,At Risk
18112,United Kingdom,13,2,352.69,5,2,2,Potential Loyalists
15678,United Kingdom,53,1,352.7,3,1,2,Potential Loyalists
17976,United Kingdom,373,1,353.19,1,1,2,Lost
14804,United Kingdom,9,1,353.27,5,1,2,Potential Loyalists
13343,United Kingdom,178,1,353.43,2,1,2,Lost
13210,United Kingdom,94,1,353.48,2,1,2,Lost
13173,United Kingdom,5,2,353.65,5,2,2,Potential Loyalists
12715,Sweden,107,1,353.86,2,1,2,Lost
17252,United Kingdom,117,2,353.86,2,2,2,Lost
12845,United Kingdom,268,4,354.09,1,4,2,At Risk
15870,United Kingdom,33,1,354.09,4,1,2,Potential Loyalists
12888,United Kingdom,215,2,354.12,1,2,2,Lost
17222,United Kingdom,66,1,354.15,3,1,2,Potential Loyalists
13642,United Kingdom,216,1,354.8,1,1,2,Lost
17742,United Kingdom,114,2,355.11,2,2,2,Lost
12617,France,30,1,355.53,4,1,2,Potential Loyalists
14537,United Kingdom,58,1,355.56,3,1,2,Potential Loyalists
15840,United Kingdom,59,2,355.56,3,2,2,Potential Loyalists
15247,United Kingdom,123,1,356.0,2,1,2,Lost
15713,United Kingdom,144,2,356.7,2,2,2,Lost
14500,United Kingdom,89,3,356.85,2,3,2,At Risk
13453,United Kingdom,166,2,356.98,2,2,2,Lost
18040,United Kingdom,20,2,357.2,4,2,2,Potential Loyalists
16971,United Kingdom,39,1,357.21,3,1,2,Potential Loyalists
17025,United Kingdom,61,3,357.77,3,3,2,Loyal Customers
16274,United Kingdom,374,1,357.95,1,1,2,Lost
13976,United Kingdom,207,1,357.98,1,1,2,Lost
13228,United Kingdom,82,1,358.0,2,1,2,Lost
16823,United Kingdom,228,1,358.38,1,1,2,Lost
17948,United Kingdom,148,1,358.56,2,1,2,Lost
15120,United Kingdom,134,1,358.82,2,1,2,Lost
13298,United Kingdom,2,1,360.0,5,1,2,Potential Loyalists
13780,United Kingdom,8,2,360.01,5,2,2,Potential Loyalists
16595,United Kingdom,62,1,360.16,3,1,2,Potential Loyalists
15872,United Kingdom,15,2,360.93,4,2,2,Potential Loyalists
13291,United Kingdom,156,1,361.11,2,1,2,Lost
16305,United Kingdom,139,1,361.22,2,1,2,Lost
13844,United Kingdom,12,1,361.62,5,1,2,Potential Loyalists
16052,United Kingdom,55,1,362.06,3,1,2,Potential Loyalists
16378,United Kingdom,248,3,362.95,1,3,2,At Risk
14427,United Kingdom,51,2,363.34,3,2,2,Potential Loyalists
14932,Channel Islands,366,1,363.53,1,1,2,Lost
12915,United Kingdom,149,2,363.65,2,2,2,Lost
16485,United Kingdom,78,1,363.65,2,1,2,Lost
18056,United Kingdom,289,1,363.65,1,1,2,Lost
16509,United Kingdom,297,1,363.7,1,1,2,Lost
14171,United Kingdom,99,1,363.79,2,1,2,Lost
15901,United Kingdom,17,3,363.88,4,3,2,Loyal Customers
17330,United Kingdom,23,2,363.9,4,2,2,Potential Loyalists
12538,Spain,30,1,363.95,4,1,2,Potential Loyalists
14528,United Kingdom,38,1,364.22,3,1,2,Potential Loyalists
15343,United Kingdom,88,1,364.5,2,1,2,Lost
12373,Austria,312,1,364.6,1,1,2,Lost
15949,United Kingdom,17,2,364.72,4,2,2,Potential Loyalists
14886,United Kingdom,253,1,364.8,1,1,2,Lost
16202,United Kingdom,361,1,365.27,1,1,2,Lost
16499,United Kingdom,361,2,365.45,1,2,2,Lost
17432,United Kingdom,19,2,365.76,4,2,2,Potential Loyalists
17358,United Kingdom,304,2,365.85,1,2,2,Lost
17911,United Kingdom,10,1,366.23,5,1,2,Potential Loyalists
16372,United Kingdom,34,2,367.93,3,2,2,Potential Loyalists
14888,United Kingdom,208,1,369.2,1,1,2,Lost
16758,United Kingdom,66,1,369.34,3,1,2,Potential Loyalists
15922,United Kingdom,374,1,369.5,1,1,2,Lost
16343,United Kingdom,17,2,370.48,4,2,2,Potential Loyalists
15063,United Kingdom,214,1,370.8,1,1,2,Lost
15975,United Kingdom,85,1,371.01,2,1,2,Lost
14950,United Kingdom,20,1,371.2,4,1,2,Potential Loyalists
15472,United Kingdom,114,1,371.56,2,1,2,Lost
18155,United Kingdom,76,3,371.62,2,3,2,At Risk
14690,United Kingdom,45,2,371.7,3,2,2,Potential Loyalists
17765,United Kingdom,159,3,371.88,2,3,2,At Risk
13300,United Kingdom,170,1,371.89,2,1,2,Lost
16065,United Kingdom,366,1,372.09,1,1,2,Lost
12981,United Kingdom,30,2,372.22,4,2,2,Potential Loyalists
12544,Spain,37,1,372.7,3,1,2,Potential Loyalists
12895,United Kingdom,43,2,372.8,3,2,2,Potential Loyalists
16903,United Kingdom,30,1,373.24,4,1,2,Potential Loyalists
16321,Australia,73,5,373.65,2,4,2,At Risk
13569,United Kingdom,18,2,373.75,4,2,2,Potential Loyalists
13351,United Kingdom,67,1,373.94,3,1,2,Potential Loyalists
12873,United Kingdom,283,1,374.0,1,1,2,Lost
17492,United Kingdom,249,1,374.57,1,1,2,Lost
14067,United Kingdom,64,2,374.7,3,2,2,Potential Loyalists
16147,United Kingdom,134,1,375.0,2,1,2,Lost
14079,United Kingdom,125,1,375.1,2,1,2,Lost
14448,United Kingdom,10,2,375.35,5,2,2,Potential Loyalists
16858,United Kingdom,369,1,375.69,1,1,2,Lost
13936,United Kingdom,180,1,376.58,1,1,2,Lost
17489,United Kingdom,59,2,376.64,3,2,2,Potential Loyalists
15025,United Kingdom,34,1,377.01,3,1,2,Potential Loyalists
17736,United Kingdom,10,3,377.44,5,3,2,Loyal Customers
17078,United Kingdom,37,2,378.2,3,2,2,Potential Loyalists
13372,United Kingdom,90,1,378.64,2,1,2,Lost
16909,United Kingdom,73,1,379.14,2,1,2,Lost
15885,United Kingdom,93,3,379.35,2,3,2,At Risk
17878,United Kingdom,44,1,379.45,3,1,2,Potential Loyalists
13589,United Kingdom,15,2,379.65,4,2,2,Potential Loyalists
13656,United Kingdom,165,2,379.65,2,2,2,Lost
16552,United Kingdom,243,2,379.73,1,2,2,Lost
14594,United Kingdom,8,2,379.83,5,2,2,Potential Loyalists
14731,United Kingdom,48,3,380.02,3,3,2,Loyal Customers
17031,United Kingdom,12,2,380.35,5,2,2,Potential Loyalists
16769,United Kingdom,261,1,380.39,1,1,2,Lost
12890,United Kingdom,25,1,380.47,4,1,2,Potential Loyalists
17138,United Kingdom,276,1,380.5,1,1,2,Lost
16930,United Kingdom,27,3,380.55,4,3,2,Loyal Customers
17573,United Kingdom,30,3,380.6,4,3,2,Loyal Customers
12871,United Kingdom,85,2,380.64,2,2,2,Lost
16441,United Kingdom,68,2,381.2,3,2,2,Potential Loyalists
15090,United Kingdom,309,1,381.32,1,1,2,Lost
17999,United Kingdom,38,2,382.06,3,2,2,Potential Loyalists
13657,United Kingdom,11,2,382.14,5,2,2,Potential Loyalists
17239,United Kingdom,313,1,382.5,1,1,2,Lost
18181,United Kingdom,25,1,382.8,4,1,2,Potential Loyalists
13817,Germany,30,2,382.98,4,2,2,Potential Loyalists
12832,United Kingdom,33,2,383.03,3,2,2,Potential Loyalists
15424,United Kingdom,255,2,383.34,1,2,2,Lost
14304,United Kingdom,223,1,383.45,1,1,2,Lost
15440,United Kingdom,55,3,383.68,3,3,2,Loyal Customers
12515,Italy,354,1,383.7,1,1,2,Lost
12733,USA,235,1,383.95,1,1,2,Lost
15048,United Kingdom,66,4,384.05,3,4,2,Loyal Customers
16982,United Kingdom,61,1,384.06,3,1,2,Potential Loyalists
17205,United Kingdom,54,1,384.08,3,1,2,Potential Loyalists
17189,United Kingdom,107,2,384.4,2,2,2,Lost
17250,United Kingdom,4,2,384.52,5,2,2,Potential Loyalists
13833,United Kingdom,160,1,384.8,2,1,2,Lost
13919,Denmark,60,2,384.81,3,2,2,Potential Loyalists
17711,United Kingdom,11,2,385.1,5,2,2,Potential Loyalists
13821,United Kingdom,145,2,385.64,2,2,2,Lost
14779,United Kingdom,281,3,386.15,1,3,2,At Risk
15664,United Kingdom,51,1,386.43,3,1,2,Potential Loyalists
14114,United Kingdom,274,2,386.53,1,2,2,Lost
17508,Greece,281,1,387.31,1,1,2,Lost
14420,United Kingdom,100,1,387.52,2,1,2,Lost
17817,United Kingdom,5,3,387.68,5,3,2,Loyal Customers
17357,United Kingdom,25,2,388.14,4,2,2,Potential Loyalists
14538,United Kingdom,65,2,388.25,3,2,2,Potential Loyalists
16776,United Kingdom,61,1,388.28,3,1,2,Potential Loyalists
17438,United Kingdom,254,1,388.45,1,1,2,Lost
13856,United Kingdom,169,3,388.5,2,3,2,At Risk
13899,United Kingdom,17,2,388.52,4,2,2,Potential Loyalists
15592,United Kingdom,47,1,388.58,3,1,2,Potential Loyalists
17595,United Kingdom,13,2,388.79,5,2,2,Potential Loyalists
12690,France,206,1,389.01,1,1,2,Lost
15847,United Kingdom,39,2,389.27,3,2,2,Potential Loyalists
16250,United Kingdom,262,2,389.44,1,2,2,Lost
13345,United Kingdom,288,1,389.5,1,1,2,Lost
13873,United Kingdom,120,3,389.6,2,3,2,At Risk
14752,United Kingdom,44,1,389.64,3,1,2,Potential Loyalists
18024,United Kingdom,153,2,389.78,2,2,2,Lost
17936,United Kingdom,6,1,389.84,5,1,2,Potential Loyalists
17614,United Kingdom,58,1,390.07,3,1,2,Potential Loyalists
12982,United Kingdom,243,1,390.54,1,1,2,Lost
16917,United Kingdom,277,1,391.52,1,1,2,Lost
15837,United Kingdom,65,1,391.98,3,1,2,Potential Loyalists
14600,United Kingdom,306,1,393.33,1,1,2,Lost
17226,United Kingdom,309,1,393.49,1,1,2,Lost
15345,United Kingdom,46,1,393.54,3,1,2,Potential Loyalists
15264,United Kingdom,65,1,393.74,3,1,2,Potential Loyalists
15386,United Kingdom,187,1,394.14,1,1,2,Lost
16207,United Kingdom,26,1,394.38,4,1,2,Potential Loyalists
14619,United Kingdom,246,1,394.44,1,1,2,Lost
17603,United Kingdom,79,1,394.72,2,1,2,Lost
16354,United Kingdom,64,2,395.8,3,2,2,Potential Loyalists
18067,United Kingdom,41,1,396.33,3,1,2,Potential Loyalists
15883,United Kingdom,3,2,396.48,5,2,2,Potential Loyalists
17486,United Kingdom,262,1,396.87,1,1,2,Lost
13673,United Kingdom,19,2,396.92,4,2,2,Potential Loyalists
13594,United Kingdom,53,1,396.97,3,1,2,Potential Loyalists
12824,United Kingdom,60,1,397.12,3,1,2,Potential Loyalists
17926,United Kingdom,134,2,397.29,2,2,2,Lost
15429,United Kingdom,27,2,397.35,4,2,2,Potential Loyalists
13352,United Kingdom,61,1,397.98,3,1,2,Potential Loyalists
12508,France,27,2,398.27,4,2,2,Potential Loyalists
17830,United Kingdom,2,3,398.7,5,3,2,Loyal Customers
15522,United Kingdom,33,2,398.84,4,2,2,Potential Loyalists
18154,United Kingdom,4,2,399.19,5,2,2,Potential Loyalists
13255,United Kingdom,10,2,399.51,5,2,2,Potential Loyalists
18164,United Kingdom,38,1,399.65,3,1,2,Potential Loyalists
17375,United Kingdom,200,3,400.1,1,3,2,At Risk
12792,Portugal,257,1,400.54,1,1,2,Lost
16198,United Kingdom,76,1,400.68,2,1,2,Lost
16500,United Kingdom,5,6,400.86,5,4,2,Loyal Customers
15158,United Kingdom,46,1,401.4,3,1,2,Potential Loyalists
12386,Australia,338,2,401.9,1,2,2,Lost
15221,United Kingdom,367,1,403.25,1,1,2,Lost
17431,United Kingdom,314,1,403.3,1,1,2,Lost
12498,Germany,22,3,403.7,4,3,2,Loyal Customers
16484,United Kingdom,174,2,404.3,2,2,2,Lost
16319,United Kingdom,218,1,404.4,1,1,2,Lost
15938,United Kingdom,113,5,404.58,2,4,2,At Risk
17379,United Kingdom,12,1,404.66,5,1,2,Potential Loyalists
12922,United Kingdom,162,1,405.38,2,1,2,Lost
18036,United Kingdom,33,3,405.62,4,3,2,Loyal Customers
16204,United Kingdom,24,1,405.71,4,1,2,Potential Loyalists
14616,United Kingdom,243,3,406.08,1,3,2,At Risk
15342,United Kingdom,130,1,406.09,2,1,2,Lost
16947,United Kingdom,236,1,406.48,1,1,2,Lost
15127,United Kingdom,66,1,406.53,3,1,2,Potential Loyalists
15184,United Kingdom,30,2,406.76,4,2,2,Potential Loyalists
16010,United Kingdom,246,3,407.5,1,3,2,At Risk
17931,United Kingdom,135,2,408.36,2,2,2,Lost
16399,United Kingdom,20,2,408.57,4,2,2,Potential Loyalists
15269,United Kingdom,24,1,408.8,4,1,2,Potential Loyalists
16018,United Kingdom,40,2,408.9,3,2,2,Potential Loyalists
16243,United Kingdom,34,2,409.1,3,2,2,Potential Loyalists
15225,United Kingdom,235,1,409.4,1,1,2,Lost
12990,United Kingdom,32,3,409.5,4,3,2,Loyal Customers
14348,United Kingdom,261,1,409.57,1,1,2,Lost
14048,United Kingdom,306,1,409.93,1,1,2,Lost
15695,United Kingdom,267,2,409.98,1,2,2,Lost
15099,United Kingdom,85,1,410.48,2,1,2,Lost
15186,United Kingdom,15,2,411.41,4,2,2,Potential Loyalists
14670,United Kingdom,281,2,411.53,1,2,2,Lost
17913,United Kingdom,59,2,411.6,3,2,2,Potential Loyalists
16272,United Kingdom,117,1,411.7,2,1,2,Lost
15523,United Kingdom,85,1,412.01,2,1,2,Lost
13827,United Kingdom,58,3,412.05,3,3,2,Loyal Customers
14620,United Kingdom,206,2,412.78,1,2,2,Lost
16834,United Kingdom,228,1,413.46,1,1,2,Lost
13974,United Kingdom,50,1,413.59,3,1,2,Potential Loyalists
17052,United Kingdom,29,1,413.75,4,1,2,Potential Loyalists
17483,United Kingdom,66,3,414.04,3,3,2,Loyal Customers
16239,United Kingdom,57,2,414.2,3,2,2,Potential Loyalists
12993,United Kingdom,24,4,414.76,4,4,2,Loyal Customers
16795,United Kingdom,366,1,414.88,1,1,2,Lost
14333,United Kingdom,68,1,415.2,3,1,2,Potential Loyalists
15725,United Kingdom,16,1,415.25,4,1,2,Potential Loyalists
12580,Germany,247,1,415.7,1,1,2,Lost
12930,United Kingdom,79,2,415.8,2,2,2,Lost
14139,United Kingdom,47,1,415.82,3,1,2,Potential Loyalists
15803,United Kingdom,52,1,415.82,3,1,2,Potential Loyalists
13085,United Kingdom,158,2,416.08,2,2,2,Lost
16957,United Kingdom,240,2,416.64,1,2,2,Lost
15935,United Kingdom,240,2,416.86,1,2,2,Lost
13889,United Kingdom,93,1,416.9,2,1,2,Lost
16816,United Kingdom,104,4,417.06,2,4,2,At Risk
13166,United Kingdom,284,1,417.2,1,1,2,Lost
18001,United Kingdom,13,2,417.23,5,2,2,Potential Loyalists
12833,United Kingdom,146,1,417.38,2,1,2,Lost
16737,United Kingdom,54,1,417.6,3,1,2,Potential Loyalists
13615,United Kingdom,319,1,417.69,1,1,2,Lost
16629,United Kingdom,74,2,417.73,2,2,2,Lost
17701,United Kingdom,253,1,417.95,1,1,2,Lost
12593,France,109,3,418.1,2,3,2,At Risk
15967,United Kingdom,24,2,418.83,4,2,2,Potential Loyalists
15361,United Kingdom,362,1,418.92,1,1,2,Lost
14124,United Kingdom,85,1,419.58,2,1,2,Lost
15206,United Kingdom,11,4,420.3,5,4,2,Loyal Customers
14757,United Kingdom,76,1,420.5,2,1,2,Lost
17232,United Kingdom,3,2,421.52,5,2,2,Potential Loyalists
18240,United Kingdom,47,1,422.58,3,1,2,Potential Loyalists
16689,United Kingdom,76,2,422.6,2,2,2,Lost
13473,United Kingdom,61,2,422.64,3,2,2,Potential Loyalists
17525,United Kingdom,360,1,422.7,1,1,2,Lost
18034,United Kingdom,22,2,422.88,4,2,2,Potential Loyalists
15012,United Kingdom,54,2,423.04,3,2,2,Potential Loyalists
16119,United Kingdom,9,2,423.36,5,2,2,Potential Loyalists
13140,United Kingdom,109,3,423.72,2,3,2,At Risk
17371,United Kingdom,18,3,423.89,4,3,2,Loyal Customers
17134,United Kingdom,107,2,425.0,2,2,2,Lost
16780,United Kingdom,101,2,425.19,2,2,2,Lost
15639,United Kingdom,135,1,425.32,2,1,2,Lost
14288,United Kingdom,214,1,426.6,1,1,2,Lost
15930,United Kingdom,68,1,426.63,3,1,2,Potential Loyalists
17223,United Kingdom,311,2,426.79,1,2,2,Lost
15994,United Kingdom,55,1,427.07,3,1,2,Potential Loyalists
12802,Netherlands,187,1,427.58,1,1,2,Lost
12740,France,64,1,427.6,3,1,2,Potential Loyalists
12403,Denmark,50,1,427.7,3,1,2,Potential Loyalists
12725,Italy,372,1,427.8,1,1,2,Lost
15360,United Kingdom,40,1,427.93,3,1,2,Potential Loyalists
17869,United Kingdom,108,5,428.18,2,4,2,At Risk
16324,United Kingdom,129,3,428.68,2,3,2,At Risk
13602,United Kingdom,65,1,428.89,3,1,2,Potential Loyalists
15957,United Kingdom,32,1,428.89,4,1,2,Potential Loyalists
15230,United Kingdom,240,2,429.6,1,2,2,Lost
15450,United Kingdom,31,1,429.84,4,1,2,Potential Loyalists
16884,United Kingdom,38,2,429.84,3,2,2,Potential Loyalists
14998,United Kingdom,171,2,429.87,2,2,2,Lost
12827,United Kingdom,6,3,430.15,5,3,2,Loyal Customers
12795,Portugal,19,1,430.48,4,1,2,Potential Loyalists
13245,United Kingdom,51,1,430.5,3,1,2,Potential Loyalists
12452,Switzerland,17,2,430.57,4,2,2,Potential Loyalists
18106,United Kingdom,330,1,430.7,1,1,2,Lost
15976,United Kingdom,166,2,430.94,2,2,2,Lost
16881,United Kingdom,67,1,432.0,3,1,2,Potential Loyalists
16236,United Kingdom,79,1,432.2,2,1,2,Lost
14157,United Kingdom,20,2,432.88,4,2,2,Potential Loyalists
17035,United Kingdom,246,2,433.53,1,2,2,Lost
12493,France,166,2,433.74,2,2,2,Lost
14460,United Kingdom,111,3,434.34,2,3,2,At Risk
14910,United Kingdom,3,4,434.35,5,4,2,Loyal Customers
16948,United Kingdom,139,3,435.02,2,3,2,At Risk
15551,United Kingdom,37,1,436.06,3,1,2,Potential Loyalists
16084,United Kingdom,300,1,436.18,1,1,2,Lost
15553,United Kingdom,61,1,437.23,3,1,2,Potential Loyalists
12592,Germany,93,2,437.6,2,2,2,Lost
16034,United Kingdom,197,3,437.7,1,3,2,At Risk
12552,Italy,39,2,437.82,3,2,2,Potential Loyalists
14272,United Kingdom,74,2,437.96,2,2,2,Lost
13358,United Kingdom,269,1,439.03,1,1,2,Lost
16968,United Kingdom,5,2,439.43,5,2,2,Potential Loyalists
13359,United Kingdom,64,1,439.56,3,1,2,Potential Loyalists
16025,United Kingdom,30,1,439.66,4,1,2,Potential Loyalists
13954,United Kingdom,2,2,439.92,5,2,2,Potential Loyalists
14022,United Kingdom,226,1,440.0,1,1,2,Lost
15524,United Kingdom,25,1,440.0,4,1,2,Potential Loyalists
18233,United Kingdom,326,1,440.0,1,1,2,Lost
12579,France,79,1,440.42,2,1,2,Lost
14093,United Kingdom,13,1,442.85,5,1,2,Potential Loyalists
18222,United Kingdom,93,1,443.0,2,1,2,Lost
16404,United Kingdom,71,1,443.05,3,1,2,Potential Loyalists
14638,United Kingdom,51,1,443.6,3,1,2,Potential Loyalists
18006,United Kingdom,24,1,444.68,4,1,2,Potential Loyalists
17190,United Kingdom,59,2,444.74,3,2,2,Potential Loyalists
17370,United Kingdom,73,4,446.18,2,4,2,At Risk
14149,United Kingdom,221,1,446.62,1,1,2,Lost
15889,United Kingdom,157,2,446.87,2,2,2,Lost
15368,United Kingdom,22,1,446.94,4,1,2,Potential Loyalists
15456,United Kingdom,284,3,447.22,1,3,2,At Risk
15646,United Kingdom,158,3,447.64,2,3,2,At Risk
14780,United Kingdom,55,2,447.68,3,2,2,Potential Loyalists
17579,United Kingdom,5,3,448.9,5,3,2,Loyal Customers
15739,United Kingdom,67,1,449.12,3,1,2,Potential Loyalists
12448,Spain,45,1,449.45,3,1,2,Potential Loyalists
13489,United Kingdom,106,4,449.52,2,4,2,At Risk
17040,United Kingdom,138,1,449.73,2,1,2,Lost
14173,United Kingdom,11,4,450.84,5,4,2,Loyal Customers
15802,United Kingdom,143,1,451.42,2,1,2,Lost
16574,United Kingdom,72,1,451.44,3,1,2,Potential Loyalists
12970,United Kingdom,8,4,452.24,5,4,2,Loyal Customers
12591,Italy,318,1,452.85,1,1,2,Lost
14184,United Kingdom,67,1,452.89,3,1,2,Potential Loyalists
18071,United Kingdom,258,2,453.0,1,2,2,Lost
12729,France,114,1,453.01,2,1,2,Lost
18158,United Kingdom,10,2,453.4,5,2,2,Potential Loyalists
17564,United Kingdom,25,3,454.01,4,3,2,Loyal Customers
15475,United Kingdom,78,1,454.11,2,1,2,Lost
13485,United Kingdom,234,1,454.24,1,1,2,Lost
16529,United Kingdom,191,1,455.25,1,1,2,Lost
15585,United Kingdom,177,1,455.3,2,1,2,Lost
14513,United Kingdom,101,3,455.59,2,3,2,At Risk
12999,United Kingdom,197,3,455.88,1,3,2,At Risk
12564,France,262,1,456.9,1,1,2,Lost
13398,United Kingdom,193,1,457.34,1,1,2,Lost
12375,Finland,11,2,457.5,5,2,2,Potential Loyalists
15121,United Kingdom,51,2,457.72,3,2,2,Potential Loyalists
15092,United Kingdom,216,2,457.81,1,2,2,Lost
17392,United Kingdom,307,2,457.91,1,2,2,Lost
13506,United Kingdom,317,2,458.52,1,2,2,Lost
15754,United Kingdom,52,3,458.57,3,3,2,Loyal Customers
17880,United Kingdom,365,1,458.92,1,1,2,Lost
16589,United Kingdom,72,3,459.24,3,3,2,Loyal Customers
12355,Bahrain,215,1,459.4,1,1,2,Lost
12491,France,39,1,460.4,3,1,2,Potential Loyalists
16805,United Kingdom,174,2,460.59,2,2,2,Lost
16824,United Kingdom,16,2,460.64,4,2,2,Potential Loyalists
12391,Cyprus,22,1,460.89,4,1,2,Potential Loyalists
14470,United Kingdom,12,2,461.19,5,2,2,Potential Loyalists
14331,United Kingdom,125,2,462.66,2,2,2,Lost
12945,United Kingdom,289,1,462.95,1,1,2,Lost
14489,United Kingdom,208,1,463.38,1,1,2,Lost
17418,United Kingdom,43,2,463.46,3,2,2,Potential Loyalists
12787,Netherlands,10,3,463.66,5,3,2,Loyal Customers
14967,United Kingdom,50,1,463.8,3,1,2,Potential Loyalists
16586,United Kingdom,249,1,463.95,1,1,2,Lost
13928,United Kingdom,11,4,464.57,5,4,2,Loyal Customers
16742,United Kingdom,47,1,464.9,3,1,2,Potential Loyalists
17140,United Kingdom,248,1,465.32,1,1,2,Lost
15036,United Kingdom,73,3,465.55,2,3,2,At Risk
13248,United Kingdom,125,2,465.68,2,2,2,Lost
14205,United Kingdom,17,2,466.7,4,2,2,Potential Loyalists
13579,United Kingdom,15,2,467.04,4,2,2,Potential Loyalists
15468,United Kingdom,52,2,467.51,3,2,2,Potential Loyalists
14029,United Kingdom,64,2,467.66,3,2,2,Potential Loyalists
14335,Germany,17,2,468.26,4,2,2,Potential Loyalists
13171,United Kingdom,22,3,468.41,4,3,2,Loyal Customers
14896,United Kingdom,205,2,468.77,1,2,2,Lost
15026,United Kingdom,81,3,469.0,2,3,2,At Risk
15471,United Kingdom,3,1,469.48,5,1,2,Potential Loyalists
14431,United Kingdom,303,1,470.36,1,1,2,Lost
15963,United Kingdom,20,2,470.76,4,2,2,Potential Loyalists
13066,United Kingdom,25,2,470.8,4,2,2,Potential Loyalists
16885,United Kingdom,16,3,471.51,4,3,2,Loyal Customers
17964,United Kingdom,32,2,471.7,4,2,2,Potential Loyalists
16038,United Kingdom,8,3,471.78,5,3,2,Loyal Customers
14013,United Kingdom,111,3,473.02,2,3,2,At Risk
16374,United Kingdom,67,2,473.03,3,2,2,Potential Loyalists
15557,United Kingdom,29,1,473.65,4,1,2,Potential Loyalists
15349,United Kingdom,159,2,473.81,2,2,2,Lost
15780,United Kingdom,184,3,475.28,1,3,2,At Risk
14497,United Kingdom,310,1,475.37,1,1,2,Lost
14853,United Kingdom,25,2,475.8,4,2,2,Potential Loyalists
18176,United Kingdom,359,1,476.35,1,1,2,Lost
12447,Belgium,244,1,476.49,1,1,2,Lost
14320,United Kingdom,207,2,477.79,1,2,2,Lost
13092,United Kingdom,71,5,477.83,3,4,2,Loyal Customers
12644,Germany,130,1,477.91,2,1,2,Lost
16768,United Kingdom,48,3,478.09,3,3,2,Loyal Customers
15589,United Kingdom,256,3,478.53,1,3,2,At Risk
16008,United Kingdom,24,3,478.78,4,3,2,Loyal Customers
16812,United Kingdom,361,1,479.35,1,1,2,Lost
15091,United Kingdom,68,1,480.71,3,1,2,Potential Loyalists
18216,United Kingdom,32,1,481.75,4,1,2,Potential Loyalists
16693,United Kingdom,69,2,482.01,3,2,2,Potential Loyalists
12504,Germany,19,2,482.05,4,2,2,Potential Loyalists
17950,United Kingdom,73,3,482.2,2,3,2,At Risk
16603,United Kingdom,75,2,482.47,2,2,2,Lost
14450,United Kingdom,181,3,483.25,1,3,2,At Risk
17555,United Kingdom,20,2,483.26,4,2,2,Potential Loyalists
14147,United Kingdom,79,2,483.4,2,2,2,Lost
12808,Portugal,37,3,483.65,3,3,2,Loyal Customers
13531,United Kingdom,206,2,483.8,1,2,2,Lost
14130,United Kingdom,320,1,483.86,1,1,2,Lost
16518,United Kingdom,62,2,484.32,3,2,2,Potential Loyalists
16504,United Kingdom,26,1,484.38,4,1,2,Potential Loyalists
16999,United Kingdom,24,2,484.82,4,2,2,Potential Loyalists
15109,United Kingdom,246,1,484.95,1,1,2,Lost
12639,Sweden,239,1,486.1,1,1,2,Lost
13153,United Kingdom,6,1,486.22,5,1,2,Potential Loyalists
15287,United Kingdom,23,2,486.69,4,2,2,Potential Loyalists
17453,United Kingdom,18,2,486.72,4,2,2,Potential Loyalists
13675,United Kingdom,152,2,486.82,2,2,2,Lost
13338,United Kingdom,158,1,487.02,2,1,2,Lost
16643,United Kingdom,246,1,487.51,1,1,2,Lost
15165,United Kingdom,374,1,487.75,1,1,2,Lost
14396,United Kingdom,66,2,487.99,3,2,2,Potential Loyalists
17361,United Kingdom,50,3,488.2,3,3,2,Loyal Customers
12809,Portugal,178,1,489.31,2,1,2,Lost
18074,United Kingdom,374,1,489.6,1,1,2,Lost
14416,United Kingdom,23,2,490.22,4,2,2,Potential Loyalists
15000,United Kingdom,48,1,490.52,3,1,3,Potential Loyalists
14236,United Kingdom,81,2,490.86,2,2,3,Lost
13732,United Kingdom,29,1,491.86,4,1,3,Potential Loyalists
15507,United Kingdom,172,1,492.36,2,1,3,Lost
14270,United Kingdom,332,1,492.65,1,1,3,Lost
13176,United Kingdom,47,1,492.84,3,1,3,Potential Loyalists
15877,United Kingdom,2,2,493.28,5,2,3,Potential Loyalists
12763,Japan,139,2,494.08,2,2,3,Lost
17333,United Kingdom,86,1,494.25,2,1,3,Lost
16352,United Kingdom,18,2,494.44,4,2,3,Potential Loyalists
15448,United Kingdom,313,1,494.64,1,1,3,Lost
17374,United Kingdom,219,2,495.77,1,2,3,Lost
15018,United Kingdom,39,3,496.21,3,3,3,Loyal Customers
15300,United Kingdom,65,1,496.44,3,1,3,Potential Loyalists
16368,United Kingdom,3,2,497.43,5,2,3,Potential Loyalists
17495,United Kingdom,8,2,497.56,5,2,3,Potential Loyalists
16820,United Kingdom,96,1,497.61,2,1,3,Lost
17298,United Kingdom,102,2,498.42,2,2,3,Lost
17053,United Kingdom,131,1,498.48,2,1,3,Lost
15142,United Kingdom,47,1,498.74,3,1,3,Potential Loyalists
16488,United Kingdom,34,3,498.8,3,3,3,Loyal Customers
14681,United Kingdom,72,3,498.95,3,3,3,Loyal Customers
15193,United Kingdom,61,1,499.32,3,1,3,Potential Loyalists
14077,United Kingdom,41,5,499.42,3,4,3,Loyal Customers
14958,United Kingdom,148,3,499.68,2,3,3,At Risk
15389,United Kingdom,173,1,500.0,2,1,3,Lost
16616,United Kingdom,16,2,500.42,4,2,3,Potential Loyalists
13247,United Kingdom,18,4,501.12,4,4,3,Loyal Customers
13116,United Kingdom,139,1,501.14,2,1,3,Lost
15881,United Kingdom,313,5,501.39,1,4,3,At Risk
13865,United Kingdom,59,4,501.56,3,4,3,Loyal Customers
15006,United Kingdom,52,1,502.09,3,1,3,Potential Loyalists
16863,United Kingdom,32,2,502.8,4,2,3,Potential Loyalists
17630,United Kingdom,170,2,503.6,2,2,3,Lost
12991,United Kingdom,24,2,503.76,4,2,3,Potential Loyalists
15081,United Kingdom,23,5,504.8,4,4,3,Loyal Customers
14014,United Kingdom,78,1,505.18,2,1,3,Lost
16614,United Kingdom,183,1,506.19,1,1,3,Lost
13885,United Kingdom,190,2,506.8,1,2,3,Lost
16960,United Kingdom,39,3,507.05,3,3,3,Loyal Customers
15721,United Kingdom,12,1,507.08,5,1,3,Potential Loyalists
14820,United Kingdom,22,4,507.29,4,4,3,Loyal Customers
14158,United Kingdom,41,1,507.66,3,1,3,Potential Loyalists
17415,United Kingdom,80,1,507.84,2,1,3,Lost
17958,United Kingdom,117,1,508.46,2,1,3,Lost
14317,United Kingdom,65,1,508.58,3,1,3,Potential Loyalists
15417,United Kingdom,86,1,508.8,2,1,3,Lost
17391,United Kingdom,164,2,508.8,2,2,3,Lost
16898,United Kingdom,27,3,508.81,4,3,3,Loyal Customers
12436,Norway,100,1,509.01,2,1,3,Lost
12904,United Kingdom,19,2,509.58,4,2,3,Potential Loyalists
15406,United Kingdom,32,2,510.71,4,2,3,Potential Loyalists
16561,United Kingdom,6,2,511.12,5,2,3,Potential Loyalists
14851,United Kingdom,24,2,511.35,4,2,3,Potential Loyalists
12582,Finland,239,2,511.36,1,2,3,Lost
17480,United Kingdom,78,1,511.82,2,1,3,Lost
17805,United Kingdom,74,1,512.31,2,1,3,Lost
17513,United Kingdom,73,1,513.2,2,1,3,Lost
13005,United Kingdom,174,2,513.7,2,2,3,Lost
15246,United Kingdom,239,2,514.15,1,2,3,Lost
12811,Portugal,261,3,514.85,1,3,3,At Risk
15809,United Kingdom,37,5,515.77,3,4,3,Loyal Customers
15882,United Kingdom,199,4,516.36,1,4,3,At Risk
13043,United Kingdom,274,1,516.42,1,1,3,Lost
18205,United Kingdom,37,2,517.36,3,2,3,Potential Loyalists
17454,United Kingdom,193,4,517.53,1,4,3,At Risk
16135,United Kingdom,263,1,517.55,1,1,3,Lost
15030,United Kingdom,72,2,518.28,3,2,3,Potential Loyalists
16650,United Kingdom,72,1,518.42,3,1,3,Potential Loyalists
16955,United Kingdom,185,4,518.67,1,4,3,At Risk
13643,United Kingdom,32,3,519.44,4,3,3,Loyal Customers
12571,France,40,2,519.61,3,2,3,Potential Loyalists
14873,United Kingdom,211,1,519.68,1,1,3,Lost
15149,United Kingdom,134,1,520.8,2,1,3,Lost
12863,United Kingdom,53,1,521.2,3,1,3,Potential Loyalists
14871,United Kingdom,4,4,522.38,5,4,3,Loyal Customers
17712,United Kingdom,45,1,522.91,3,1,3,Potential Loyalists
18017,United Kingdom,82,3,523.0,2,3,3,At Risk
17329,United Kingdom,15,2,523.11,4,2,3,Potential Loyalists
13721,United Kingdom,37,1,524.14,3,1,3,Potential Loyalists
15891,United Kingdom,227,1,524.52,1,1,3,Lost
15467,United Kingdom,10,3,524.88,5,3,3,Loyal Customers
17429,United Kingdom,129,3,524.92,2,3,3,At Risk
17290,United Kingdom,4,2,525.24,5,2,3,Potential Loyalists
16892,United Kingdom,2,5,525.54,5,4,3,Loyal Customers
18252,United Kingdom,51,2,526.67,3,2,3,Potential Loyalists
17623,United Kingdom,33,1,527.05,4,1,3,Potential Loyalists
12479,Germany,12,1,527.2,5,1,3,Potential Loyalists
16602,United Kingdom,37,1,528.08,3,1,3,Potential Loyalists
17631,United Kingdom,2,3,528.33,5,3,3,Loyal Customers
16185,United Kingdom,17,2,529.41,4,2,3,Potential Loyalists
14463,United Kingdom,99,3,529.62,2,3,3,At Risk
14002,United Kingdom,135,2,529.73,2,2,3,Lost
18159,United Kingdom,302,1,530.15,1,1,3,Lost
14265,Unspecified,110,2,530.18,2,2,3,Lost
16706,United Kingdom,38,3,531.35,3,3,3,Loyal Customers
15825,United Kingdom,173,1,532.94,2,1,3,Lost
15756,United Kingdom,62,4,532.96,3,4,3,Loyal Customers
15433,United Kingdom,214,2,533.3,1,2,3,Lost
13217,United Kingdom,123,3,533.98,2,3,3,At Risk
13434,United Kingdom,75,2,534.24,2,2,3,Lost
17443,Canada,220,1,534.24,1,1,3,Lost
13385,United Kingdom,330,1,534.57,1,1,3,Lost
13000,United Kingdom,107,3,534.85,2,3,3,At Risk
12988,United Kingdom,293,1,535.32,1,1,3,Lost
16142,United Kingdom,250,1,535.34,1,1,3,Lost
15535,United Kingdom,174,4,536.4,2,4,3,At Risk
16233,United Kingdom,72,3,536.68,3,3,3,Loyal Customers
16804,United Kingdom,24,3,536.99,4,3,3,Loyal Customers
15043,United Kingdom,32,1,537.0,4,1,3,Potential Loyalists
16206,United Kingdom,55,4,537.06,3,4,3,Loyal Customers
14539,United Kingdom,16,2,537.48,4,2,3,Potential Loyalists
17345,United Kingdom,16,4,537.74,4,4,3,Loyal Customers
17062,United Kingdom,314,4,538.37,1,4,3,At Risk
15539,United Kingdom,8,1,538.46,5,1,3,Potential Loyalists
15469,United Kingdom,51,2,538.55,3,2,3,Potential Loyalists
15452,United Kingdom,30,3,538.73,4,3,3,Loyal Customers
14496,United Kingdom,312,2,538.81,1,2,3,Lost
13812,Germany,43,3,539.0,3,3,3,Loyal Customers
13874,United Kingdom,359,1,540.45,1,1,3,Lost
17557,United Kingdom,15,3,541.46,4,3,3,Loyal Customers
17447,United Kingdom,41,2,541.53,3,2,3,Potential Loyalists
16230,United Kingdom,190,2,542.03,1,2,3,Lost
13278,United Kingdom,41,1,542.73,3,1,3,Potential Loyalists
16927,United Kingdom,116,3,543.05,2,3,3,At Risk
13390,United Kingdom,75,1,544.08,2,1,3,Lost
13617,United Kingdom,41,3,544.18,3,3,3,Loyal Customers
16475,United Kingdom,89,4,544.3,2,4,3,At Risk
12793,Portugal,335,2,545.48,1,2,3,Lost
17806,United Kingdom,12,1,546.04,5,1,3,Potential Loyalists
14997,United Kingdom,47,3,546.2,3,3,3,Loyal Customers
12743,Unspecified,135,2,546.43,2,2,3,Lost
17520,United Kingdom,54,1,546.81,3,1,3,Potential Loyalists
16211,United Kingdom,89,1,547.02,2,1,3,Lost
17637,United Kingdom,32,2,547.06,4,2,3,Potential Loyalists
16811,United Kingdom,5,2,547.07,5,2,3,Potential Loyalists
14474,United Kingdom,47,1,547.66,3,1,3,Potential Loyalists
16031,United Kingdom,93,2,548.94,2,2,3,Lost
16536,United Kingdom,111,1,548.97,2,1,3,Lost
16340,United Kingdom,108,1,549.07,2,1,3,Lost
12390,Belgium,80,1,549.84,2,1,3,Lost
17235,United Kingdom,26,2,550.06,4,2,3,Potential Loyalists
17291,United Kingdom,309,1,550.8,1,1,3,Lost
17674,United Kingdom,75,2,551.04,2,2,3,Lost
12363,Unspecified,110,2,552.0,2,2,3,Lost
15068,United Kingdom,47,2,553.36,3,2,3,Potential Loyalists
14618,United Kingdom,10,3,553.44,5,3,3,Loyal Customers
14891,United Kingdom,149,2,554.38,2,2,3,Lost
14805,United Kingdom,16,4,554.65,4,4,3,Loyal Customers
16385,United Kingdom,61,3,555.89,3,3,3,Loyal Customers
17295,United Kingdom,29,3,556.95,4,3,3,Loyal Customers
17955,United Kingdom,199,4,557.3,1,4,3,At Risk
13260,United Kingdom,62,1,557.62,3,1,3,Potential Loyalists
13800,United Kingdom,310,1,558.32,1,1,3,Lost
12987,United Kingdom,74,2,558.7,2,2,3,Lost
17503,United Kingdom,3,2,558.96,5,2,3,Potential Loyalists
12866,Belgium,284,1,559.12,1,1,3,Lost
14177,United Kingdom,87,4,559.41,2,4,3,At Risk
18043,United Kingdom,25,3,559.51,4,3,3,Loyal Customers
16275,United Kingdom,197,1,559.87,1,1,3,Lost
14273,United Kingdom,52,4,559.97,3,4,3,Loyal Customers
13044,United Kingdom,292,1,560.47,1,1,3,Lost
15655,United Kingdom,244,1,560.67,1,1,3,Lost
13946,United Kingdom,80,3,561.57,2,3,3,At Risk
12559,Germany,311,2,561.71,1,2,3,Lost
12414,Austria,218,3,562.41,1,3,3,At Risk
17265,United Kingdom,139,2,562.9,2,2,3,Lost
14753,United Kingdom,88,1,563.15,2,1,3,Lost
16933,United Kingdom,2,2,563.23,5,2,3,Potential Loyalists
15344,United Kingdom,1,3,563.94,5,3,3,Loyal Customers
13894,United Kingdom,24,3,564.62,4,3,3,Loyal Customers
16278,United Kingdom,101,1,566.38,2,1,3,Lost
18150,United Kingdom,33,3,566.58,4,3,3,Loyal Customers
17897,United Kingdom,173,3,566.6,2,3,3,At Risk
13321,United Kingdom,73,2,567.36,2,2,3,Lost
13939,United Kingdom,24,3,568.55,4,3,3,Loyal Customers
16667,United Kingdom,69,2,570.13,3,2,3,Potential Loyalists
14592,United Kingdom,36,3,570.46,3,3,3,Loyal Customers
15315,United Kingdom,65,2,570.5,3,2,3,Potential Loyalists
15821,United Kingdom,45,2,570.96,3,2,3,Potential Loyalists
17616,United Kingdom,174,3,571.2,2,3,3,At Risk
13816,Germany,24,2,571.67,4,2,3,Potential Loyalists
12816,Poland,96,2,572.2,2,2,3,Lost
13405,United Kingdom,75,3,572.45,2,3,3,At Risk
13379,United Kingdom,27,3,572.56,4,3,3,Loyal Customers
15415,United Kingdom,314,1,572.81,1,1,3,Lost
12879,United Kingdom,45,3,573.22,3,3,3,Loyal Customers
15303,United Kingdom,291,1,574.02,1,1,3,Lost
15339,United Kingdom,67,2,574.07,3,2,3,Potential Loyalists
12784,Portugal,10,2,574.42,5,2,3,Potential Loyalists
14400,United Kingdom,150,1,574.7,2,1,3,Lost
14167,United Kingdom,40,4,574.84,3,4,3,Loyal Customers
13487,United Kingdom,58,3,575.4,3,3,3,Loyal Customers
16345,United Kingdom,45,1,575.41,3,1,3,Potential Loyalists
15550,United Kingdom,5,4,575.63,5,4,3,Loyal Customers
15830,United Kingdom,38,1,576.0,3,1,3,Potential Loyalists
16916,United Kingdom,24,2,576.26,4,2,3,Potential Loyalists
14176,United Kingdom,298,4,576.9,1,4,3,At Risk
12601,Germany,190,5,577.06,1,4,3,At Risk
17540,United Kingdom,25,2,578.9,4,2,3,Potential Loyalists
13292,United Kingdom,39,2,578.94,3,2,3,Potential Loyalists
17142,United Kingdom,240,1,579.0,1,1,3,Lost
16906,United Kingdom,82,4,579.77,2,4,3,At Risk
18095,United Kingdom,313,2,580.05,1,2,3,Lost
12695,France,8,4,582.1,5,4,3,Loyal Customers
17970,United Kingdom,212,1,582.59,1,1,3,Lost
13427,United Kingdom,20,3,582.6,4,3,3,Loyal Customers
12426,Germany,195,1,582.73,1,1,3,Lost
15762,United Kingdom,66,2,583.75,3,2,3,Potential Loyalists
13557,United Kingdom,29,2,584.06,4,2,3,Potential Loyalists
14023,United Kingdom,8,2,584.07,5,2,3,Potential Loyalists
16072,United Kingdom,289,1,584.32,1,1,3,Lost
16384,United Kingdom,90,2,584.5,2,2,3,Lost
15222,United Kingdom,319,1,585.0,1,1,3,Lost
12384,Switzerland,29,2,585.27,4,2,3,Potential Loyalists
17360,United Kingdom,18,3,585.79,4,3,3,Loyal Customers
17014,United Kingdom,9,3,586.33,5,3,3,Loyal Customers
17351,United Kingdom,37,3,587.15,3,3,3,Loyal Customers
15624,United Kingdom,117,4,588.13,2,4,3,At Risk
14338,United Kingdom,162,2,588.22,2,2,3,Lost
16838,United Kingdom,198,2,588.85,1,2,3,Lost
16723,United Kingdom,92,2,589.15,2,2,3,Lost
18123,United Kingdom,25,2,589.44,4,2,3,Potential Loyalists
14882,United Kingdom,27,2,589.7,4,2,3,Potential Loyalists
13270,United Kingdom,367,1,590.0,1,1,3,Lost
13452,United Kingdom,260,2,590.0,1,2,3,Lost
13276,United Kingdom,64,2,590.93,3,2,3,Potential Loyalists
14692,United Kingdom,138,4,591.55,2,4,3,At Risk
16203,United Kingdom,59,4,592.9,3,4,3,Loyal Customers
18232,United Kingdom,82,4,592.97,2,4,3,At Risk
16535,United Kingdom,6,1,593.75,5,1,3,Potential Loyalists
12917,United Kingdom,129,1,594.0,2,1,3,Lost
15442,United Kingdom,249,1,594.0,1,1,3,Lost
16325,United Kingdom,47,3,594.24,3,3,3,Loyal Customers
14284,United Kingdom,31,2,595.25,4,2,3,Potential Loyalists
17658,United Kingdom,26,2,595.42,4,2,3,Potential Loyalists
18246,United Kingdom,24,2,596.1,4,2,3,Potential Loyalists
15381,United Kingdom,214,2,596.85,1,2,3,Lost
14645,United Kingdom,157,2,597.09,2,2,3,Lost
16788,United Kingdom,124,2,597.48,2,2,3,Lost
17864,United Kingdom,13,3,597.5,5,3,3,Loyal Customers
14108,United Kingdom,31,2,597.91,4,2,3,Potential Loyalists
13959,United Kingdom,80,3,598.2,2,3,3,At Risk
16298,United Kingdom,23,3,598.2,4,3,3,Loyal Customers
13311,United Kingdom,5,2,598.57,5,2,3,Potential Loyalists
15720,United Kingdom,25,1,598.73,4,1,3,Potential Loyalists
14467,United Kingdom,18,4,598.76,4,4,3,Loyal Customers
17420,United Kingdom,51,3,598.83,3,3,3,Loyal Customers
14965,United Kingdom,97,2,599.0,2,2,3,Lost
12521,Germany,143,1,599.68,2,1,3,Lost
12872,United Kingdom,327,2,599.97,1,2,3,Lost
13243,United Kingdom,204,1,600.07,1,1,3,Lost
18211,United Kingdom,26,5,600.07,4,4,3,Loyal Customers
12420,Cyprus,64,1,600.39,3,1,3,Potential Loyalists
16654,United Kingdom,142,4,601.27,2,4,3,At Risk
14609,United Kingdom,73,4,601.56,2,4,3,At Risk
12654,Germany,11,5,601.98,5,4,3,Loyal Customers
17890,United Kingdom,323,2,602.09,1,2,3,Lost
15366,United Kingdom,76,2,602.51,2,2,3,Lost
17259,United Kingdom,149,2,603.37,2,2,3,Lost
12707,France,292,1,603.42,1,1,3,Lost
12556,Spain,51,2,603.71,3,2,3,Potential Loyalists
16732,United Kingdom,32,1,603.75,4,1,3,Potential Loyalists
12944,United Kingdom,36,2,604.51,3,2,3,Potential Loyalists
17664,United Kingdom,19,2,604.64,4,2,3,Potential Loyalists
14675,United Kingdom,17,1,604.75,4,1,3,Potential Loyalists
13558,United Kingdom,6,4,605.06,5,4,3,Loyal Customers
14323,United Kingdom,115,2,605.06,2,2,3,Lost
13233,United Kingdom,75,2,605.12,2,2,3,Lost
17507,United Kingdom,262,2,605.58,1,2,3,Lost
13888,United Kingdom,120,2,605.63,2,2,3,Lost
14133,United Kingdom,130,3,605.64,2,3,3,At Risk
17849,United Kingdom,219,4,605.8,1,4,3,At Risk
14710,United Kingdom,15,4,606.13,4,4,3,Loyal Customers
17119,United Kingdom,4,2,606.91,5,2,3,Potential Loyalists
15573,United Kingdom,32,2,607.45,4,2,3,Potential Loyalists
12933,United Kingdom,25,3,607.53,4,3,3,Loyal Customers
13933,United Kingdom,110,2,608.79,2,2,3,Lost
14636,United Kingdom,37,2,609.85,3,2,3,Potential Loyalists
13357,United Kingdom,258,1,609.95,1,1,3,Lost
15795,United Kingdom,150,1,610.01,2,1,3,Lost
12673,Germany,6,2,610.52,5,2,3,Potential Loyalists
13731,United Kingdom,220,2,610.59,1,2,3,Lost
16763,United Kingdom,199,1,611.85,1,1,3,Lost
16109,United Kingdom,219,2,611.88,1,2,3,Lost
15645,United Kingdom,19,1,612.01,4,1,3,Potential Loyalists
15232,United Kingdom,114,2,612.06,2,2,3,Lost
18149,United Kingdom,51,3,612.08,3,3,3,Loyal Customers
12513,France,113,1,612.29,2,1,3,Lost
16116,United Kingdom,212,1,612.78,1,1,3,Lost
16566,United Kingdom,16,5,614.66,4,4,3,Loyal Customers
15275,United Kingdom,38,1,615.14,3,1,3,Potential Loyalists
16005,United Kingdom,13,4,615.39,5,4,3,Loyal Customers
14905,United Kingdom,158,2,616.15,2,2,3,Lost
16311,United Kingdom,18,2,616.26,4,2,3,Potential Loyalists
16442,United Kingdom,2,3,616.79,5,3,3,Loyal Customers
14377,United Kingdom,192,2,617.05,1,2,3,Lost
14593,United Kingdom,22,3,617.99,4,3,3,Loyal Customers
13301,United Kingdom,104,4,618.09,2,4,3,At Risk
16134,United Kingdom,22,2,618.09,4,2,3,Potential Loyalists
12596,Spain,52,2,618.27,3,2,3,Potential Loyalists
13145,United Kingdom,40,4,618.52,3,4,3,Loyal Customers
16613,United Kingdom,71,1,618.59,3,1,3,Potential Loyalists
13493,Switzerland,276,2,618.63,1,2,3,Lost
14529,United Kingdom,61,3,620.04,3,3,3,Loyal Customers
12667,Finland,59,1,620.13,3,1,3,Potential Loyalists
16141,United Kingdom,89,1,620.4,2,1,3,Lost
13402,United Kingdom,128,2,621.23,2,2,3,Lost
14152,United Kingdom,76,2,621.29,2,2,3,Lost
17640,United Kingdom,87,1,621.66,2,1,3,Lost
16915,United Kingdom,10,6,621.68,5,4,3,Loyal Customers
18217,United Kingdom,30,2,621.75,4,2,3,Potential Loyalists
15768,United Kingdom,116,3,621.83,2,3,3,At Risk
17460,United Kingdom,95,6,622.43,2,4,3,At Risk
15182,United Kingdom,155,2,622.85,2,2,3,Lost
17499,United Kingdom,290,1,622.88,1,1,3,Lost
15258,United Kingdom,169,2,623.16,2,2,3,Lost
13368,United Kingdom,257,2,623.4,1,2,3,Lost
15147,United Kingdom,241,1,623.5,1,1,3,Lost
12649,Germany,108,3,623.51,2,3,3,At Risk
16718,United Kingdom,370,1,623.75,1,1,3,Lost
16750,United Kingdom,45,5,623.93,3,4,3,Loyal Customers
14382,United Kingdom,27,1,626.07,4,1,3,Potential Loyalists
13914,United Kingdom,12,2,626.45,5,2,3,Potential Loyalists
14036,United Kingdom,285,1,626.65,1,1,3,Lost
15402,United Kingdom,149,2,626.77,2,2,3,Lost
13546,United Kingdom,13,3,626.99,5,3,3,Loyal Customers
15028,United Kingdom,9,4,627.13,5,4,3,Loyal Customers
16022,United Kingdom,261,1,628.28,1,1,3,Lost
14687,United Kingdom,107,1,628.38,2,1,3,Lost
13525,United Kingdom,15,2,628.78,4,2,3,Potential Loyalists
13046,United Kingdom,31,2,629.31,4,2,3,Potential Loyalists
17990,United Kingdom,237,3,630.84,1,3,3,At Risk
13539,United Kingdom,86,3,631.34,2,3,3,At Risk
15244,United Kingdom,66,2,631.57,3,2,3,Potential Loyalists
14021,United Kingdom,156,3,631.9,2,3,3,At Risk
13822,United Kingdom,6,2,632.0,5,2,3,Potential Loyalists
18183,United Kingdom,228,2,632.07,1,2,3,Lost
16306,United Kingdom,214,6,632.27,1,4,3,At Risk
14220,United Kingdom,248,2,632.4,1,2,3,Lost
13892,United Kingdom,27,4,632.97,4,4,3,Loyal Customers
17985,United Kingdom,23,1,634.95,4,1,3,Potential Loyalists
16139,United Kingdom,19,3,635.41,4,3,3,Loyal Customers
14000,United Kingdom,212,1,635.66,1,1,3,Lost
15773,United Kingdom,6,1,635.68,5,1,3,Potential Loyalists
15829,United Kingdom,100,2,636.14,2,2,3,Lost
14481,United Kingdom,165,2,636.51,2,2,3,Lost
14128,United Kingdom,61,2,637.5,3,2,3,Potential Loyalists
14664,United Kingdom,20,2,637.89,4,2,3,Potential Loyalists
14754,United Kingdom,45,2,638.05,3,2,3,Potential Loyalists
18160,United Kingdom,58,2,638.06,3,2,3,Potential Loyalists
17515,United Kingdom,32,4,639.02,4,4,3,Loyal Customers
15919,United Kingdom,20,2,639.89,4,2,3,Potential Loyalists
14301,United Kingdom,118,1,640.14,2,1,3,Lost
12631,Finland,58,1,640.5,3,1,3,Potential Loyalists
13318,United Kingdom,2,3,640.76,5,3,3,Loyal Customers
13417,United Kingdom,5,2,640.83,5,2,3,Potential Loyalists
12624,France,107,2,641.13,2,2,3,Lost
12365,Cyprus,292,2,641.38,1,2,3,Lost
15297,United Kingdom,11,3,641.94,5,3,3,Loyal Customers
17046,United Kingdom,158,1,642.02,2,1,3,Lost
15384,United Kingdom,170,2,642.41,2,2,3,Lost
13034,United Kingdom,55,2,642.77,3,2,3,Potential Loyalists
14020,United Kingdom,17,2,642.8,4,2,3,Potential Loyalists
16431,United Kingdom,214,3,642.81,1,3,3,At Risk
17312,United Kingdom,139,3,644.3,2,3,3,At Risk
12719,France,6,2,644.95,5,2,3,Potential Loyalists
14855,United Kingdom,120,2,645.65,2,2,3,Lost
17545,United Kingdom,44,3,645.96,3,3,3,Loyal Customers
15651,United Kingdom,37,3,646.3,3,3,3,Loyal Customers
12589,France,29,2,646.68,4,2,3,Potential Loyalists
17373,United Kingdom,41,4,646.92,3,4,3,Loyal Customers
16969,United Kingdom,40,3,650.41,3,3,3,Loyal Customers
15571,United Kingdom,12,4,650.43,5,4,3,Loyal Customers
16469,United Kingdom,24,4,650.43,4,4,3,Loyal Customers
16734,United Kingdom,53,3,650.51,3,3,3,Loyal Customers
14034,United Kingdom,23,3,651.82,4,3,3,Loyal Customers
17523,United Kingdom,12,4,652.74,5,4,3,Loyal Customers
14548,United Kingdom,151,2,652.8,2,2,3,Lost
14044,United Kingdom,27,4,652.82,4,4,3,Loyal Customers
15205,United Kingdom,86,2,653.24,2,2,3,Lost
13496,United Kingdom,11,2,653.33,5,2,3,Potential Loyalists
18151,United Kingdom,135,2,653.35,2,2,3,Lost
17398,United Kingdom,115,3,653.38,2,3,3,At Risk
14651,United Kingdom,68,2,654.6,3,2,3,Potential Loyalists
16444,United Kingdom,47,4,654.67,3,4,3,Loyal Customers
14894,United Kingdom,86,1,655.75,2,1,3,Lost
16127,United Kingdom,40,1,656.25,3,1,3,Potential Loyalists
16708,United Kingdom,46,1,656.63,3,1,3,Potential Loyalists
13049,United Kingdom,65,2,656.68,3,2,3,Potential Loyalists
16157,United Kingdom,16,3,656.69,4,3,3,Loyal Customers
15677,United Kingdom,50,1,657.23,3,1,3,Potential Loyalists
17459,United Kingdom,44,2,657.3,3,2,3,Potential Loyalists
15648,United Kingdom,205,2,657.35,1,2,3,Lost
12577,France,36,3,657.8,3,3,3,Loyal Customers
14818,United Kingdom,74,3,657.8,2,3,3,At Risk
16696,United Kingdom,136,4,657.9,2,4,3,At Risk
17779,United Kingdom,22,3,658.57,4,3,3,Loyal Customers
14150,United Kingdom,36,2,658.64,3,2,3,Potential Loyalists
16357,United Kingdom,34,3,658.88,3,3,3,Loyal Customers
13759,United Kingdom,34,2,659.41,3,2,3,Potential Loyalists
13518,United Kingdom,86,1,659.44,2,1,3,Lost
15492,United Kingdom,29,2,659.46,4,2,3,Potential Loyalists
14603,United Kingdom,275,1,660.0,1,1,3,Lost
13028,United Kingdom,23,2,661.32,4,2,3,Potential Loyalists
16774,United Kingdom,68,4,661.52,3,4,3,Loyal Customers
18218,United Kingdom,212,2,662.08,1,2,3,Lost
16014,United Kingdom,38,3,662.38,3,3,3,Loyal Customers
14451,United Kingdom,61,2,662.59,3,2,3,Potential Loyalists
16573,United Kingdom,85,2,663.61,2,2,3,Lost
13240,United Kingdom,97,4,663.65,2,4,3,At Risk
14720,United Kingdom,6,3,663.81,5,3,3,Loyal Customers
15643,United Kingdom,192,3,664.0,1,3,3,At Risk
16208,United Kingdom,45,2,664.26,3,2,3,Potential Loyalists
13963,United Kingdom,309,4,664.54,1,4,3,At Risk
16056,United Kingdom,46,1,664.85,3,1,3,Potential Loyalists
17105,United Kingdom,160,2,665.78,2,2,3,Lost
17777,United Kingdom,25,3,665.86,4,3,3,Loyal Customers
15969,United Kingdom,3,3,666.1,5,3,3,Loyal Customers
16268,United Kingdom,72,2,667.65,3,2,3,Potential Loyalists
18022,United Kingdom,36,1,668.11,3,1,3,Potential Loyalists
15031,United Kingdom,5,4,668.14,5,4,3,Loyal Customers
16383,United Kingdom,75,2,668.36,2,2,3,Lost
13741,United Kingdom,72,3,668.43,2,3,3,At Risk
14342,United Kingdom,22,4,668.56,4,4,3,Loyal Customers
12418,Switzerland,113,1,668.58,2,1,3,Lost
17299,United Kingdom,12,4,669.11,5,4,3,Loyal Customers
12638,Sweden,34,1,671.69,3,1,3,Potential Loyalists
17883,United Kingdom,4,4,671.77,5,4,3,Loyal Customers
14628,United Kingdom,92,2,671.96,2,2,3,Lost
18121,United Kingdom,150,2,673.1,2,2,3,Lost
14504,United Kingdom,48,4,673.26,3,4,3,Loyal Customers
13951,United Kingdom,177,3,674.45,2,3,3,At Risk
17749,United Kingdom,179,2,674.52,2,2,3,Lost
13464,United Kingdom,59,1,674.68,3,1,3,Potential Loyalists
13355,United Kingdom,123,1,674.7,2,1,3,Lost
16418,United Kingdom,45,3,675.27,3,3,3,Loyal Customers
13325,United Kingdom,82,1,675.3,2,1,3,Lost
17462,United Kingdom,61,2,675.69,3,2,3,Potential Loyalists
15626,United Kingdom,75,2,675.8,2,2,3,Lost
16377,United Kingdom,268,1,676.2,1,1,3,Lost
13040,United Kingdom,9,2,676.99,5,2,3,Potential Loyalists
13388,United Kingdom,132,2,677.1,2,2,3,Lost
13607,United Kingdom,41,1,678.01,3,1,3,Potential Loyalists
13925,United Kingdom,93,4,678.25,2,4,3,At Risk
17994,United Kingdom,122,4,678.49,2,4,3,At Risk
14788,United Kingdom,8,2,679.44,5,2,3,Potential Loyalists
13430,United Kingdom,19,2,679.45,4,2,3,Potential Loyalists
15322,United Kingdom,86,1,679.68,2,1,3,Lost
16872,United Kingdom,78,3,680.02,2,3,3,At Risk
13524,United Kingdom,41,5,680.18,3,4,3,Loyal Customers
12478,Greece,4,1,680.99,5,1,3,Potential Loyalists
18135,United Kingdom,30,5,681.91,4,4,3,Loyal Customers
13548,United Kingdom,97,2,682.41,2,2,3,Lost
15582,United Kingdom,25,3,682.91,4,3,3,Loyal Customers
12838,United Kingdom,34,2,683.13,3,2,3,Potential Loyalists
14222,United Kingdom,178,1,683.17,2,1,3,Lost
17874,United Kingdom,186,6,683.46,1,4,3,At Risk
12942,United Kingdom,132,3,683.9,2,3,3,At Risk
15669,United Kingdom,41,4,684.34,3,4,3,Loyal Customers
16495,United Kingdom,4,3,684.41,5,3,3,Loyal Customers
16122,United Kingdom,74,4,684.42,2,4,3,At Risk
12658,Germany,19,1,686.05,4,1,3,Potential Loyalists
16642,United Kingdom,5,2,688.33,5,2,3,Potential Loyalists
13799,United Kingdom,117,2,688.86,2,2,3,Lost
17502,United Kingdom,10,4,689.1,5,4,3,Loyal Customers
18196,United Kingdom,96,2,689.13,2,2,3,Lost
15181,United Kingdom,67,3,689.48,3,3,3,Loyal Customers
13023,United Kingdom,65,2,689.9,3,2,3,Potential Loyalists
18085,United Kingdom,331,2,689.95,1,2,3,Lost
16212,United Kingdom,20,2,690.34,4,2,3,Potential Loyalists
13838,United Kingdom,6,4,691.73,5,4,3,Loyal Customers
17733,United Kingdom,39,2,692.19,3,2,3,Potential Loyalists
17198,United Kingdom,24,3,692.22,4,3,3,Loyal Customers
14111,United Kingdom,15,4,692.85,4,4,3,Loyal Customers
13601,United Kingdom,46,2,693.32,3,2,3,Potential Loyalists
12410,Switzerland,309,2,693.33,1,2,3,Lost
14643,United Kingdom,171,2,693.81,2,2,3,Lost
12925,United Kingdom,5,2,694.05,5,2,3,Potential Loyalists
15304,United Kingdom,61,8,694.4,3,5,3,Loyal Customers
14959,United Kingdom,65,4,695.42,3,4,3,Loyal Customers
14009,United Kingdom,199,2,695.61,1,2,3,Lost
17397,United Kingdom,23,2,696.41,4,2,3,Potential Loyalists
15700,United Kingdom,173,2,696.68,2,2,3,Lost
13596,United Kingdom,6,2,697.04,5,2,3,Potential Loyalists
14829,United Kingdom,30,4,697.55,4,4,3,Loyal Customers
15053,United Kingdom,5,3,697.79,5,3,3,Loyal Customers
17796,United Kingdom,41,4,697.9,3,4,3,Loyal Customers
17423,United Kingdom,47,2,698.41,3,2,3,Potential Loyalists
13258,United Kingdom,12,3,698.58,5,3,3,Loyal Customers
15800,United Kingdom,108,2,699.08,2,2,3,Lost
17734,United Kingdom,54,3,700.63,3,3,3,Loyal Customers
13238,United Kingdom,18,4,700.73,4,4,3,Loyal Customers
17321,United Kingdom,9,2,700.86,5,2,3,Potential Loyalists
14356,United Kingdom,80,2,701.23,2,2,3,Lost
14198,United Kingdom,19,4,701.4,4,4,3,Loyal Customers
16997,United Kingdom,289,3,702.0,1,3,3,At Risk
15574,United Kingdom,178,4,702.25,2,4,3,At Risk
15103,United Kingdom,32,2,703.36,4,2,3,Potential Loyalists
18082,United Kingdom,26,1,703.37,4,1,3,Potential Loyalists
12883,United Kingdom,25,4,703.47,4,4,3,Loyal Customers
12612,Germany,75,1,704.04,2,1,3,Lost
17934,United Kingdom,52,2,704.25,3,2,3,Potential Loyalists
16882,United Kingdom,67,3,705.12,3,3,3,Loyal Customers
16015,United Kingdom,4,3,705.39,5,3,3,Loyal Customers
15038,United Kingdom,59,6,705.49,3,4,3,Loyal Customers
14126,United Kingdom,8,3,706.13,5,3,3,Loyal Customers
14880,United Kingdom,78,3,706.19,2,3,3,At Risk
16309,United Kingdom,107,2,706.57,2,2,3,Lost
16364,United Kingdom,12,2,707.04,5,2,3,Potential Loyalists
12453,Austria,135,1,707.09,2,1,3,Lost
16449,United Kingdom,198,2,707.69,1,2,3,Lost
15951,United Kingdom,9,2,708.22,5,2,3,Potential Loyalists
16136,United Kingdom,60,3,709.38,3,3,3,Loyal Customers
14127,United Kingdom,123,3,709.71,2,3,3,At Risk
14867,United Kingdom,186,3,710.28,1,3,3,At Risk
17472,United Kingdom,192,3,710.29,1,3,3,At Risk
13249,United Kingdom,93,3,711.41,2,3,3,At Risk
17179,United Kingdom,179,3,711.79,2,3,3,At Risk
13705,United Kingdom,8,3,711.86,5,3,3,Loyal Customers
15855,United Kingdom,137,5,712.24,2,4,3,At Risk
17642,United Kingdom,120,2,712.29,2,2,3,Lost
13587,United Kingdom,64,1,712.4,3,1,3,Potential Loyalists
13416,United Kingdom,44,2,712.5,3,2,3,Potential Loyalists
17761,United Kingdom,33,1,712.78,4,1,3,Potential Loyalists
13147,United Kingdom,11,4,712.8,5,4,3,Loyal Customers
13169,United Kingdom,64,2,712.88,3,2,3,Potential Loyalists
12616,France,96,2,713.3,2,2,3,Lost
15757,United Kingdom,66,2,714.42,3,2,3,Potential Loyalists
15330,United Kingdom,33,2,714.96,3,2,3,Potential Loyalists
17029,United Kingdom,111,2,716.0,2,2,3,Lost
15400,United Kingdom,93,5,716.2,2,4,3,At Risk
12535,France,92,2,716.35,2,2,3,Lost
15274,United Kingdom,5,2,716.57,5,2,3,Potential Loyalists
17884,United Kingdom,4,4,717.45,5,4,3,Loyal Customers
14725,United Kingdom,25,1,718.08,4,1,3,Potential Loyalists
14179,United Kingdom,41,2,719.78,3,2,3,Potential Loyalists
16023,United Kingdom,47,3,719.81,3,3,3,Loyal Customers
18062,United Kingdom,174,3,720.52,2,3,3,At Risk
15272,United Kingdom,58,2,721.94,3,2,3,Potential Loyalists
17521,United Kingdom,30,3,723.21,4,3,3,Loyal Customers
12475,Germany,54,1,723.38,3,1,3,Potential Loyalists
15636,United Kingdom,90,2,724.76,2,2,3,Lost
12723,France,4,5,725.07,5,4,3,Loyal Customers
15584,United Kingdom,24,4,725.11,4,4,3,Loyal Customers
16140,United Kingdom,66,2,725.18,3,2,3,Potential Loyalists
14055,United Kingdom,107,1,725.64,2,1,3,Lost
14869,United Kingdom,9,2,725.7,5,2,3,Potential Loyalists
17888,United Kingdom,22,8,726.05,4,5,3,Loyal Customers
17666,United Kingdom,4,2,728.16,5,2,3,Potential Loyalists
13077,United Kingdom,2,4,729.27,5,4,3,Loyal Customers
12468,Germany,188,2,729.54,1,2,3,Lost
18035,United Kingdom,36,3,730.4,3,3,3,Loyal Customers
14778,United Kingdom,128,2,730.86,2,2,3,Lost
16491,United Kingdom,47,1,731.5,3,1,3,Potential Loyalists
13736,United Kingdom,6,2,731.9,5,2,3,Potential Loyalists
16099,United Kingdom,51,3,731.9,3,3,3,Loyal Customers
13575,United Kingdom,24,5,732.07,4,4,3,Loyal Customers
17812,United Kingdom,13,4,732.16,5,4,3,Loyal Customers
16146,United Kingdom,158,3,734.13,2,3,3,At Risk
16362,United Kingdom,33,5,734.77,4,4,3,Loyal Customers
15215,United Kingdom,47,3,734.94,3,3,3,Loyal Customers
18156,United Kingdom,13,2,734.94,5,2,3,Potential Loyalists
15045,United Kingdom,152,2,735.66,2,2,3,Lost
12976,United Kingdom,212,1,738.6,1,1,3,Lost
14756,United Kingdom,16,1,738.96,4,1,3,Potential Loyalists
12603,Germany,22,1,739.2,4,1,3,Potential Loyalists
15252,United Kingdom,37,2,740.78,3,2,3,Potential Loyalists
17974,United Kingdom,25,3,740.79,4,3,3,Loyal Customers
17692,United Kingdom,128,4,740.94,2,4,3,At Risk
13900,United Kingdom,184,3,740.95,1,3,3,At Risk
13753,United Kingdom,288,1,741.26,1,1,3,Lost
12465,Belgium,18,2,742.19,4,2,3,Potential Loyalists
12374,Austria,26,1,742.93,4,1,3,Potential Loyalists
16730,United Kingdom,53,3,743.11,3,3,3,Loyal Customers
13354,United Kingdom,72,1,743.53,2,1,3,Lost
13236,United Kingdom,25,2,744.85,4,2,3,Potential Loyalists
13950,United Kingdom,12,4,745.06,5,4,3,Loyal Customers
14790,United Kingdom,17,4,745.06,4,4,3,Loyal Customers
17034,United Kingdom,17,3,745.52,4,3,3,Loyal Customers
14050,United Kingdom,32,2,746.36,4,2,3,Potential Loyalists
16261,United Kingdom,18,4,746.83,4,4,3,Loyal Customers
14201,United Kingdom,61,7,747.44,3,5,3,Loyal Customers
13623,United Kingdom,31,5,747.78,4,4,3,Loyal Customers
16859,United Kingdom,145,2,747.81,2,2,3,Lost
15656,United Kingdom,46,4,748.5,3,4,3,Loyal Customers
15074,United Kingdom,106,1,748.87,2,1,3,Lost
14923,United Kingdom,51,1,749.1,3,1,3,Potential Loyalists
17146,United Kingdom,106,3,749.78,2,3,3,At Risk
12908,United Kingdom,177,2,750.0,2,2,3,Lost
16256,United Kingdom,267,1,752.43,1,1,3,Lost
13730,United Kingdom,136,2,752.6,2,2,3,Lost
18104,United Kingdom,38,1,754.64,3,1,3,Potential Loyalists
13370,United Kingdom,372,1,754.87,1,1,3,Lost
15223,United Kingdom,226,2,755.75,1,2,3,Lost
17461,United Kingdom,23,3,757.46,4,3,3,Loyal Customers
17979,United Kingdom,36,4,757.71,3,4,3,Loyal Customers
12413,France,67,3,758.1,3,3,3,Loyal Customers
15568,United Kingdom,3,3,758.29,5,3,3,Loyal Customers
16036,United Kingdom,88,2,758.92,2,2,3,Lost
17425,United Kingdom,20,2,759.17,4,2,3,Potential Loyalists
16205,United Kingdom,31,4,761.38,4,4,3,Loyal Customers
14883,United Kingdom,19,6,761.59,4,4,3,Loyal Customers
15599,United Kingdom,27,2,761.74,4,2,3,Potential Loyalists
16470,United Kingdom,52,4,762.39,3,4,3,Loyal Customers
17466,United Kingdom,11,2,763.28,5,2,3,Potential Loyalists
17268,United Kingdom,108,4,763.64,2,4,3,At Risk
14885,United Kingdom,132,1,765.32,2,1,3,Lost
17695,United Kingdom,132,2,765.34,2,2,3,Lost
14672,United Kingdom,235,2,765.55,1,2,3,Lost
14550,United Kingdom,11,2,765.62,5,2,3,Potential Loyalists
17516,United Kingdom,16,5,768.08,4,4,3,Loyal Customers
13356,United Kingdom,81,1,768.24,2,1,3,Lost
16480,United Kingdom,76,1,769.29,2,1,3,Lost
14412,United Kingdom,43,2,770.03,3,2,3,Potential Loyalists
16770,United Kingdom,58,5,770.1,3,4,3,Loyal Customers
14662,United Kingdom,29,4,771.17,4,4,3,Loyal Customers
17409,United Kingdom,185,2,771.85,1,2,3,Lost
12965,United Kingdom,90,1,771.91,2,1,3,Lost
15075,United Kingdom,78,1,773.03,2,1,3,Lost
16043,United Kingdom,38,4,773.99,3,4,3,Loyal Customers
15414,United Kingdom,10,3,774.9,5,3,3,Loyal Customers
16825,United Kingdom,39,2,775.18,3,2,3,Potential Loyalists
14234,United Kingdom,23,4,775.46,4,4,3,Loyal Customers
13341,United Kingdom,261,1,775.85,1,1,3,Lost
13314,United Kingdom,2,3,775.94,5,3,3,Loyal Customers
15618,United Kingdom,33,4,776.85,4,4,3,Loyal Customers
15353,United Kingdom,255,2,777.02,1,2,3,Lost
12425,Portugal,79,1,777.2,2,1,3,Lost
13563,United Kingdom,85,2,777.53,2,2,3,Lost
16505,United Kingdom,32,1,777.6,4,1,3,Potential Loyalists
17414,United Kingdom,44,2,778.0,3,2,3,Potential Loyalists
14815,United Kingdom,37,2,778.5,3,2,3,Potential Loyalists
13375,United Kingdom,89,1,778.65,2,1,3,Lost
17411,United Kingdom,13,3,778.94,5,3,3,Loyal Customers
12735,France,316,2,779.57,1,2,3,Lost
18228,United Kingdom,57,2,779.9,3,2,3,Potential Loyalists
17797,United Kingdom,23,3,780.43,4,3,3,Loyal Customers
15239,United Kingdom,11,2,780.59,5,2,3,Potential Loyalists
16725,United Kingdom,303,7,781.02,1,5,3,At Risk
13583,United Kingdom,156,1,781.03,2,1,3,Lost
15679,United Kingdom,25,4,781.28,4,4,3,Loyal Customers
17341,United Kingdom,157,3,781.36,2,3,3,At Risk
17006,United Kingdom,5,4,781.78,5,4,3,Loyal Customers
16054,United Kingdom,146,1,783.9,2,1,3,Lost
17387,United Kingdom,20,2,784.11,4,2,3,Potential Loyalists
18136,United Kingdom,64,3,784.33,3,3,3,Loyal Customers
15743,United Kingdom,17,4,784.46,4,4,3,Loyal Customers
15806,United Kingdom,47,3,784.58,3,3,3,Loyal Customers
12628,Germany,5,3,786.46,5,3,3,Loyal Customers
13109,United Kingdom,60,2,786.54,3,2,3,Potential Loyalists
16546,United Kingdom,291,2,787.15,1,2,3,Lost
13884,United Kingdom,8,5,787.6,5,4,3,Loyal Customers
13323,United Kingdom,4,5,787.85,5,4,3,Loyal Customers
13212,United Kingdom,20,3,788.08,4,3,3,Loyal Customers
14557,United Kingdom,86,1,788.38,2,1,3,Lost
13329,United Kingdom,32,2,789.0,4,2,3,Potential Loyalists
16759,United Kingdom,8,3,789.79,5,3,3,Loyal Customers
13016,United Kingdom,74,3,789.89,2,3,3,At Risk
14976,United Kingdom,58,7,790.86,3,5,3,Loyal Customers
13167,United Kingdom,19,4,791.33,4,4,3,Loyal Customers
15990,United Kingdom,45,2,792.11,3,2,3,Potential Loyalists
13336,United Kingdom,78,1,795.12,2,1,3,Lost
17180,United Kingdom,57,4,796.03,3,4,3,Loyal Customers
12701,Germany,80,2,797.71,2,2,3,Lost
13389,United Kingdom,12,3,797.96,5,3,3,Loyal Customers
16438,United Kingdom,6,5,798.35,5,4,3,Loyal Customers
17703,United Kingdom,36,3,798.74,3,3,3,Loyal Customers
13030,United Kingdom,12,2,799.48,5,2,3,Potential Loyalists
13720,United Kingdom,117,4,799.9,2,4,3,At Risk
17905,United Kingdom,72,4,800.24,3,4,3,Loyal Customers
15561,United Kingdom,12,4,800.59,5,4,3,Loyal Customers
16806,United Kingdom,104,4,801.49,2,4,3,At Risk
18265,United Kingdom,73,2,801.51,2,2,3,Lost
15831,United Kingdom,59,3,801.76,3,3,3,Loyal Customers
12422,Australia,96,3,803.56,2,3,3,At Risk
18248,United Kingdom,123,2,804.02,2,2,3,Lost
16367,United Kingdom,38,2,804.49,3,2,3,Potential Loyalists
12434,Australia,85,2,806.14,2,2,3,Lost
13707,United Kingdom,268,2,806.41,1,2,3,Lost
15952,United Kingdom,34,4,806.57,3,4,3,Loyal Customers
12421,Spain,16,4,807.04,4,4,3,Loyal Customers
15533,United Kingdom,20,3,807.57,4,3,3,Loyal Customers
17114,United Kingdom,6,8,808.62,5,5,3,Loyal Customers
16891,United Kingdom,2,5,809.7,5,4,3,Loyal Customers
13637,United Kingdom,53,3,810.5,3,3,3,Loyal Customers
16624,United Kingdom,81,2,810.57,2,2,3,Lost
16276,United Kingdom,177,1,810.6,2,1,3,Lost
17980,United Kingdom,166,3,811.45,2,3,3,At Risk
15644,United Kingdom,167,4,813.0,2,4,3,At Risk
14421,United Kingdom,58,2,813.11,3,2,3,Potential Loyalists
16621,United Kingdom,52,4,813.48,3,4,3,Loyal Customers
16600,United Kingdom,5,6,813.52,5,4,3,Loyal Customers
18064,United Kingdom,134,2,814.0,2,2,3,Lost
13811,Germany,184,3,814.5,1,3,3,At Risk
16460,United Kingdom,29,3,814.72,4,3,3,Loyal Customers
13280,United Kingdom,123,3,814.86,2,3,3,At Risk
14499,United Kingdom,27,3,815.32,4,3,3,Loyal Customers
15399,United Kingdom,2,3,815.77,5,3,3,Loyal Customers
15649,United Kingdom,337,2,816.0,1,2,3,Lost
16943,United Kingdom,212,3,816.73,1,3,3,At Risk
16092,United Kingdom,115,3,817.86,2,3,3,At Risk
17764,United Kingdom,51,2,818.82,3,2,3,Potential Loyalists
13220,United Kingdom,79,4,819.29,2,4,3,At Risk
13893,United Kingdom,298,1,821.1,1,1,3,Lost
12778,Netherlands,20,6,822.23,4,4,3,Loyal Customers
16164,United Kingdom,18,3,822.48,4,3,3,Loyal Customers
16284,United Kingdom,32,2,823.97,4,2,3,Potential Loyalists
16869,United Kingdom,23,4,825.42,4,4,3,Loyal Customers
12427,Germany,22,3,825.8,4,3,3,Loyal Customers
15525,United Kingdom,3,3,825.92,5,3,3,Loyal Customers
17921,United Kingdom,65,4,826.52,3,4,3,Loyal Customers
16494,United Kingdom,297,1,826.53,1,1,3,Lost
12781,Czech Republic,64,2,826.74,3,2,3,Potential Loyalists
12461,Switzerland,95,2,826.88,2,2,3,Lost
13681,United Kingdom,18,4,827.83,4,4,3,Loyal Customers
14644,United Kingdom,68,2,830.76,3,2,3,Potential Loyalists
15862,United Kingdom,9,4,832.88,5,4,3,Loyal Customers
16644,United Kingdom,178,2,833.78,2,2,3,Lost
17075,United Kingdom,18,4,834.12,4,4,3,Loyal Customers
13835,United Kingdom,26,4,834.57,4,4,3,Loyal Customers
17759,United Kingdom,18,3,834.99,4,3,3,Loyal Customers
17169,United Kingdom,58,2,835.78,3,2,3,Potential Loyalists
16747,United Kingdom,38,2,836.06,3,2,3,Potential Loyalists
12728,France,72,4,836.33,2,4,3,At Risk
15832,United Kingdom,255,1,836.79,1,1,3,Lost
16554,United Kingdom,43,3,837.1,3,3,3,Loyal Customers
17115,United Kingdom,9,3,837.5,5,3,3,Loyal Customers
13940,United Kingdom,18,4,839.14,4,4,3,Loyal Customers
17076,United Kingdom,37,3,841.08,3,3,3,Loyal Customers
14862,United Kingdom,26,2,841.2,4,2,3,Potential Loyalists
16560,United Kingdom,27,2,841.41,4,2,3,Potential Loyalists
16108,United Kingdom,85,1,842.5,2,1,3,Lost
13929,United Kingdom,170,2,842.65,2,2,3,Lost
17929,United Kingdom,12,4,843.0,5,4,3,Loyal Customers
15164,United Kingdom,69,3,843.05,3,3,3,Loyal Customers
17624,United Kingdom,15,2,843.48,4,2,3,Potential Loyalists
14803,United Kingdom,163,3,845.55,2,3,3,At Risk
15965,United Kingdom,18,4,845.64,4,4,3,Loyal Customers
16222,United Kingdom,319,1,846.72,1,1,3,Lost
16924,United Kingdom,22,3,846.75,4,3,3,Loyal Customers
13221,United Kingdom,241,2,847.41,1,2,3,Lost
14657,United Kingdom,18,4,848.22,4,4,3,Loyal Customers
12713,Germany,1,1,848.55,5,1,3,Potential Loyalists
16020,United Kingdom,17,3,851.01,4,3,3,Loyal Customers
16070,United Kingdom,23,2,852.15,4,2,3,Potential Loyalists
12379,Belgium,82,2,852.24,2,2,3,Lost
14193,United Kingdom,68,2,853.39,3,2,3,Potential Loyalists
16877,United Kingdom,13,6,853.72,5,4,3,Loyal Customers
17560,United Kingdom,95,4,854.95,2,4,3,At Risk
12878,United Kingdom,237,2,854.99,1,2,3,Lost
16037,United Kingdom,270,3,855.02,1,3,3,At Risk
12693,Germany,128,4,855.91,2,4,3,At Risk
13991,United Kingdom,13,6,855.97,5,4,3,Loyal Customers
16163,United Kingdom,233,2,856.6,1,2,3,Lost
14553,United Kingdom,20,5,859.27,4,4,3,Loyal Customers
17064,United Kingdom,59,3,859.35,3,3,3,Loyal Customers
14577,United Kingdom,13,4,859.71,5,4,3,Loyal Customers
13339,United Kingdom,201,1,860.12,1,1,3,Lost
12794,Portugal,54,2,860.41,3,2,3,Potential Loyalists
16266,United Kingdom,74,7,861.89,2,5,3,At Risk
12680,France,1,4,862.81,5,4,3,Loyal Customers
16221,United Kingdom,37,3,864.86,3,3,3,Loyal Customers
13846,United Kingdom,25,3,865.06,4,3,3,Loyal Customers
16567,United Kingdom,195,2,865.6,1,2,3,Lost
14332,United Kingdom,23,3,866.31,4,3,3,Loyal Customers
16121,United Kingdom,58,2,867.11,3,2,3,Potential Loyalists
16235,United Kingdom,41,5,867.31,3,4,3,Loyal Customers
14715,United Kingdom,25,4,867.38,4,4,3,Loyal Customers
14912,Italy,17,2,867.85,4,2,3,Potential Loyalists
17649,United Kingdom,139,1,868.49,2,1,3,Lost
13203,United Kingdom,10,4,869.46,5,4,3,Loyal Customers
12694,France,71,2,869.67,3,2,3,Potential Loyalists
13979,United Kingdom,74,1,869.87,2,1,3,Lost
13200,United Kingdom,20,4,870.09,4,4,3,Loyal Customers
15208,United Kingdom,2,5,870.12,5,4,3,Loyal Customers
12847,United Kingdom,23,1,871.54,4,1,3,Potential Loyalists
13294,United Kingdom,190,2,873.74,1,2,3,Lost
16513,United Kingdom,5,4,874.59,5,4,3,Loyal Customers
13566,United Kingdom,41,2,874.71,3,2,3,Potential Loyalists
15100,United Kingdom,334,3,876.0,1,3,3,At Risk
14770,United Kingdom,233,2,876.42,1,2,3,Lost
15653,United Kingdom,93,2,877.44,2,2,3,Lost
15076,United Kingdom,173,1,880.85,2,1,3,Lost
13037,United Kingdom,139,3,881.07,2,3,3,At Risk
18236,United Kingdom,30,6,882.24,4,4,3,Loyal Customers
14597,United Kingdom,12,2,883.15,5,2,3,Potential Loyalists
15799,United Kingdom,76,3,884.14,2,3,3,At Risk
17109,United Kingdom,30,6,885.04,4,4,3,Loyal Customers
17704,United Kingdom,169,2,885.19,2,2,3,Lost
15822,United Kingdom,4,2,885.47,5,2,3,Potential Loyalists
16900,United Kingdom,17,3,887.11,4,3,3,Loyal Customers
16347,United Kingdom,12,2,887.65,5,2,3,Potential Loyalists
17829,United Arab Emirates,299,1,889.24,1,1,3,Lost
14623,United Kingdom,33,5,889.25,3,4,3,Loyal Customers
14344,United Kingdom,128,8,889.93,2,5,3,At Risk
17007,United Kingdom,51,6,889.93,3,4,3,Loyal Customers
17027,United Kingdom,79,6,890.29,2,4,3,At Risk
14240,United Kingdom,31,2,890.34,4,2,3,Potential Loyalists
15255,United Kingdom,67,1,890.85,3,1,3,Potential Loyalists
13515,United Kingdom,73,4,891.12,2,4,3,At Risk
12772,Portugal,60,1,892.47,3,1,3,Potential Loyalists
15066,United Kingdom,54,1,893.59,3,1,3,Potential Loyalists
15211,United Kingdom,61,2,894.41,3,2,3,Potential Loyalists
15865,United Kingdom,41,3,895.13,3,3,3,Loyal Customers
15079,United Kingdom,213,4,895.61,1,4,3,At Risk
16361,United Kingdom,10,4,896.66,5,4,3,Loyal Customers
17537,United Kingdom,30,2,897.62,4,2,3,Potential Loyalists
13662,United Kingdom,86,3,897.76,2,3,3,At Risk
17886,United Kingdom,32,3,899.61,4,3,3,Loyal Customers
14625,United Kingdom,197,2,899.63,1,2,3,Lost
16716,United Kingdom,267,2,901.2,1,2,3,Lost
17848,United Kingdom,82,9,901.2,2,5,3,At Risk
17566,United Kingdom,9,2,901.21,5,2,3,Potential Loyalists
15807,United Kingdom,51,3,903.9,3,3,3,Loyal Customers
15022,United Kingdom,12,4,905.04,5,4,3,Loyal Customers
15480,Malta,117,1,905.5,2,1,3,Lost
14449,United Kingdom,19,4,907.1,4,4,3,Loyal Customers
13038,United Kingdom,81,3,908.46,2,3,3,At Risk
15511,United Kingdom,12,5,909.23,5,4,3,Loyal Customers
13689,United Kingdom,64,1,910.0,3,1,3,Potential Loyalists
18096,United Kingdom,12,3,911.15,5,3,3,Loyal Customers
14289,United Kingdom,9,6,911.26,5,4,3,Loyal Customers
13192,United Kingdom,96,2,911.94,2,2,3,Lost
13782,United Kingdom,13,6,912.0,5,4,3,Loyal Customers
14359,United Kingdom,20,3,912.18,4,3,3,Loyal Customers
15364,United Kingdom,96,2,913.19,2,2,3,Lost
12940,United Kingdom,55,2,913.54,3,2,3,Potential Loyalists
15587,United Kingdom,51,4,913.68,3,4,3,Loyal Customers
16809,United Kingdom,24,5,914.69,4,4,3,Loyal Customers
16216,United Kingdom,268,1,914.93,1,1,3,Lost
14141,United Kingdom,3,4,915.13,5,4,3,Loyal Customers
17236,United Kingdom,13,6,916.13,5,4,3,Loyal Customers
14712,United Kingdom,30,3,917.07,4,3,3,Loyal Customers
14015,United Kingdom,53,1,917.34,3,1,3,Potential Loyalists
13549,United Kingdom,26,7,918.2,4,5,3,Loyal Customers
15253,United Kingdom,17,5,918.2,4,4,3,Loyal Customers
13075,United Kingdom,130,1,919.61,2,1,3,Lost
12652,France,332,1,919.98,1,1,3,Lost
17018,United Kingdom,41,2,920.1,3,2,3,Potential Loyalists
13984,United Kingdom,27,5,920.51,4,4,3,Loyal Customers
17323,United Kingdom,16,7,921.07,4,5,3,Loyal Customers
13035,United Kingdom,74,2,921.88,2,2,3,Lost
13934,United Kingdom,264,1,922.1,1,1,3,Lost
16551,United Kingdom,96,3,922.12,2,3,3,At Risk
13122,United Kingdom,95,2,922.39,2,2,3,Lost
15654,United Kingdom,10,2,922.53,5,2,3,Potential Loyalists
13805,United Kingdom,53,2,924.6,3,2,3,Potential Loyalists
15312,United Kingdom,76,4,924.85,2,4,3,At Risk
17048,United Kingdom,118,3,925.35,2,3,3,At Risk
14231,United Kingdom,184,3,925.71,1,3,3,At Risk
14475,United Kingdom,72,3,925.85,3,3,3,Loyal Customers
17552,United Kingdom,61,4,930.41,3,4,3,Loyal Customers
18133,United Kingdom,213,1,931.5,1,1,3,Lost
14532,United Kingdom,237,4,932.85,1,4,3,At Risk
13655,United Kingdom,115,2,932.97,2,2,3,Lost
16657,United Kingdom,10,4,933.62,5,4,3,Loyal Customers
12924,United Kingdom,89,4,933.7,2,4,3,At Risk
14081,United Kingdom,303,2,934.52,1,2,3,Lost
16027,United Kingdom,92,6,934.62,2,4,3,At Risk
14140,United Kingdom,4,2,935.05,5,2,3,Potential Loyalists
16584,United Kingdom,81,2,936.08,2,2,3,Lost
17227,United Kingdom,19,6,939.32,4,4,3,Loyal Customers
17527,United Kingdom,54,4,939.37,3,4,3,Loyal Customers
15289,United Kingdom,30,3,939.78,4,3,3,Loyal Customers
15576,United Kingdom,38,1,940.67,3,1,3,Potential Loyalists
14075,United Kingdom,5,3,942.26,5,3,3,Loyal Customers
12820,United Kingdom,4,4,942.34,5,4,3,Loyal Customers
13261,United Kingdom,269,2,944.1,1,2,4,Lost
17289,United Kingdom,32,3,944.41,4,3,4,Loyal Customers
15707,United Kingdom,36,4,945.58,3,4,4,Loyal Customers
12458,Switzerland,72,2,947.4,2,2,4,Lost
15787,United Kingdom,27,3,948.05,4,3,4,Loyal Customers
13748,United Kingdom,96,5,948.25,2,4,4,At Risk
17044,United Kingdom,26,1,948.48,4,1,4,Potential Loyalists
12822,United Kingdom,71,2,948.88,3,2,4,Potential Loyalists
13636,United Kingdom,37,5,949.12,3,4,4,Loyal Customers
16511,United Kingdom,22,3,950.26,4,3,4,Loyal Customers
15421,United Kingdom,59,4,950.36,3,4,4,Loyal Customers
16934,United Kingdom,55,2,950.93,3,2,4,Potential Loyalists
15835,United Kingdom,45,4,954.09,3,4,4,Loyal Customers
17097,Spain,3,8,954.42,5,5,4,Champions
17244,United Kingdom,54,1,954.9,3,1,4,Potential Loyalists
15948,United Kingdom,9,2,955.24,5,2,4,Potential Loyalists
12697,Sweden,29,3,957.59,4,3,4,Loyal Customers
13823,United Kingdom,19,2,957.66,4,2,4,Potential Loyalists
18192,United Kingdom,72,1,957.97,3,1,4,Potential Loyalists
14629,United Kingdom,5,2,959.01,5,2,4,Potential Loyalists
15156,United Kingdom,2,3,961.49,5,3,4,Loyal Customers
14006,United Kingdom,116,3,962.19,2,3,4,At Risk
13138,United Kingdom,23,6,962.39,4,4,4,Champions
12550,Spain,80,1,964.83,2,1,4,Lost
15793,United Kingdom,15,3,965.61,4,3,4,Loyal Customers
15907,United Kingdom,4,3,967.45,5,3,4,Loyal Customers
14256,United Kingdom,261,2,969.06,1,2,4,Lost
17618,United Kingdom,6,3,971.58,5,3,4,Loyal Customers
17100,United Kingdom,19,2,971.74,4,2,4,Potential Loyalists
13155,United Kingdom,34,4,971.76,3,4,4,Loyal Customers
16419,United Kingdom,113,6,972.23,2,4,4,At Risk
18194,United Kingdom,83,1,973.84,2,1,4,Lost
15747,United Kingdom,13,3,974.04,5,3,4,Loyal Customers
12994,United Kingdom,5,3,974.42,5,3,4,Loyal Customers
15449,United Kingdom,27,3,974.52,4,3,4,Loyal Customers
14522,United Kingdom,25,4,974.54,4,4,4,Champions
13026,United Kingdom,2,5,975.36,5,4,4,Champions
15860,United Kingdom,41,8,977.21,3,5,4,Loyal Customers
14920,United Kingdom,213,2,977.77,1,2,4,Lost
15132,United Kingdom,19,5,977.93,4,4,4,Champions
13350,United Kingdom,17,2,979.12,4,2,4,Potential Loyalists
15506,United Kingdom,23,3,979.26,4,3,4,Loyal Customers
13509,United Kingdom,9,7,979.72,5,5,4,Champions
18170,United Kingdom,34,3,980.31,3,3,4,Loyal Customers
12541,Spain,30,3,981.18,4,3,4,Loyal Customers
16085,United Kingdom,24,5,981.51,4,4,4,Champions
16907,United Kingdom,30,5,981.65,4,4,4,Champions
16188,United Kingdom,45,4,981.86,3,4,4,Loyal Customers
15071,United Kingdom,94,2,982.07,2,2,4,Lost
14138,United Kingdom,2,2,982.38,5,2,4,Potential Loyalists
15133,United Kingdom,128,3,982.42,2,3,4,At Risk
12510,Spain,143,2,982.57,2,2,4,Lost
17144,United Kingdom,2,2,984.57,5,2,4,Potential Loyalists
13117,United Kingdom,22,8,984.91,4,5,4,Champions
16376,United Kingdom,9,2,987.01,5,2,4,Potential Loyalists
18237,United Kingdom,3,5,987.1,5,4,4,Champions
15062,United Kingdom,72,4,987.86,3,4,4,Loyal Customers
17324,United Kingdom,18,4,990.23,4,4,4,Champions
16232,United Kingdom,44,4,990.88,3,4,4,Loyal Customers
14223,United Kingdom,93,3,991.13,2,3,4,At Risk
13363,United Kingdom,18,2,992.5,4,2,4,Potential Loyalists
16009,United Kingdom,23,4,992.71,4,4,4,Champions
17594,United Kingdom,86,2,993.18,2,2,4,Lost
15110,United Kingdom,24,4,996.1,4,4,4,Champions
14540,United Kingdom,10,3,996.26,5,3,4,Loyal Customers
12722,France,86,4,997.63,2,4,4,At Risk
18143,United Kingdom,117,2,1000.16,2,2,4,Lost
15508,United Kingdom,190,6,1000.27,1,4,4,At Risk
12545,Spain,76,2,1000.39,2,2,4,Lost
12446,RSA,58,1,1002.31,3,1,4,Potential Loyalists
13410,United Kingdom,25,5,1003.06,4,4,4,Champions
14214,United Kingdom,31,5,1004.38,4,4,4,Champions
17126,United Kingdom,153,5,1004.75,2,4,4,At Risk
13429,United Kingdom,11,4,1006.8,5,4,4,Champions
14631,United Kingdom,51,3,1006.98,3,3,4,Loyal Customers
17646,United Kingdom,220,3,1008.39,1,3,4,At Risk
17951,United Kingdom,40,3,1008.54,3,3,4,Loyal Customers
16174,United Kingdom,127,3,1009.55,2,3,4,At Risk
16572,United Kingdom,128,3,1009.6,2,3,4,At Risk
13032,United Kingdom,53,2,1010.18,3,2,4,Potential Loyalists
16229,United Kingdom,88,2,1010.6,2,2,4,Lost
14775,United Kingdom,59,3,1011.9,3,3,4,Loyal Customers
14195,United Kingdom,202,2,1012.0,1,2,4,Lost
17197,United Kingdom,30,1,1013.01,4,1,4,Potential Loyalists
12739,United Arab Emirates,79,2,1013.04,2,2,4,Lost
12642,Germany,26,3,1013.26,4,3,4,Loyal Customers
13867,United Kingdom,32,3,1015.29,4,3,4,Loyal Customers
13728,United Kingdom,37,6,1016.14,3,4,4,Loyal Customers
12514,Italy,268,1,1017.68,1,1,4,Lost
14083,United Kingdom,5,9,1018.43,5,5,4,Champions
12828,United Kingdom,3,6,1018.71,5,4,4,Champions
18142,United Kingdom,158,2,1019.52,2,2,4,Lost
13376,United Kingdom,100,3,1019.76,2,3,4,At Risk
12572,Germany,9,2,1020.42,5,2,4,Potential Loyalists
13165,United Kingdom,47,2,1021.48,3,2,4,Potential Loyalists
14346,United Kingdom,121,2,1021.58,2,2,4,Lost
17096,United Kingdom,16,4,1022.13,4,4,4,Champions
15658,United Kingdom,191,5,1024.1,1,4,4,At Risk
14904,United Kingdom,3,2,1025.44,5,2,4,Potential Loyalists
16160,United Kingdom,66,2,1025.44,3,2,4,Potential Loyalists
13956,United Kingdom,6,5,1026.42,5,4,4,Champions
15104,United Kingdom,197,2,1027.44,1,2,4,Lost
16682,United Kingdom,5,5,1028.0,5,4,4,Champions
15333,United Kingdom,209,1,1028.56,1,1,4,Lost
17033,United Kingdom,87,3,1030.14,2,3,4,At Risk
13253,United Kingdom,157,2,1030.4,2,2,4,Lost
12717,Greece,152,2,1030.98,2,2,4,Lost
13235,United Kingdom,213,1,1031.07,1,1,4,Lost
12724,France,6,4,1031.41,5,4,4,Champions
17405,United Kingdom,2,3,1031.41,5,3,4,Loyal Customers
12599,France,30,7,1032.58,4,5,4,Champions
17724,United Kingdom,72,3,1033.0,3,3,4,Loyal Customers
13639,United Kingdom,75,1,1033.34,2,1,4,Lost
16260,United Kingdom,51,1,1035.45,3,1,4,Potential Loyalists
12691,France,29,6,1035.8,4,4,4,Champions
16175,United Kingdom,95,4,1037.59,2,4,4,At Risk
16320,Unspecified,173,2,1038.46,2,2,4,Lost
14446,United Kingdom,1,4,1039.58,5,4,4,Champions
15434,United Kingdom,9,5,1041.48,5,4,4,Champions
18221,United Kingdom,23,5,1041.61,4,4,4,Champions
13719,United Kingdom,16,5,1041.68,4,4,4,Champions
14584,United Kingdom,170,4,1042.26,2,4,4,At Risk
12497,Germany,82,1,1043.1,2,1,4,Lost
15073,United Kingdom,10,3,1043.41,5,3,4,Loyal Customers
14389,United Kingdom,66,2,1043.46,3,2,4,Potential Loyalists
15192,United Kingdom,120,3,1044.32,2,3,4,At Risk
17042,United Kingdom,3,5,1044.38,5,4,4,Champions
14293,United Kingdom,4,4,1046.56,5,4,4,Champions
16520,United Kingdom,187,3,1046.57,1,3,4,At Risk
15777,United Kingdom,242,4,1047.11,1,4,4,At Risk
15839,United Kingdom,34,3,1048.49,3,3,4,Loyal Customers
15464,United Kingdom,339,1,1048.85,1,1,4,Lost
14078,United Kingdom,102,6,1049.37,2,4,4,At Risk
15329,United Kingdom,40,3,1049.7,3,3,4,Loyal Customers
14224,United Kingdom,111,4,1050.12,2,4,4,At Risk
12849,United Kingdom,32,2,1050.89,4,2,4,Potential Loyalists
16416,United Kingdom,27,3,1051.4,4,3,4,Loyal Customers
14583,United Kingdom,6,5,1052.55,5,4,4,Champions
12716,France,4,2,1053.49,5,2,4,Potential Loyalists
16728,United Kingdom,47,4,1054.67,3,4,4,Loyal Customers
15977,United Kingdom,18,2,1054.73,4,2,4,Potential Loyalists
14514,United Kingdom,62,3,1055.35,3,3,4,Loyal Customers
15407,United Kingdom,34,4,1056.44,3,4,4,Loyal Customers
14419,United Kingdom,11,6,1058.06,5,4,4,Champions
13455,United Kingdom,25,2,1058.34,4,2,4,Potential Loyalists
14465,United Kingdom,247,3,1058.62,1,3,4,At Risk
18130,United Kingdom,16,3,1059.39,4,3,4,Loyal Customers
17727,United Kingdom,16,1,1060.25,4,1,4,Potential Loyalists
15706,United Kingdom,64,4,1060.56,3,4,4,Loyal Customers
15996,United Kingdom,89,6,1060.68,2,4,4,At Risk
16214,United Kingdom,171,3,1062.75,2,3,4,At Risk
14411,United Kingdom,311,1,1063.0,1,1,4,Lost
12815,Poland,148,2,1063.46,2,2,4,Lost
12936,United Kingdom,18,4,1063.9,4,4,4,Champions
15801,United Kingdom,47,3,1063.95,3,3,4,Loyal Customers
12951,United Kingdom,9,6,1064.07,5,4,4,Champions
17287,United Kingdom,27,7,1064.11,4,5,4,Champions
14488,United Kingdom,68,1,1064.28,3,1,4,Potential Loyalists
17277,United Kingdom,228,2,1065.35,1,2,4,Lost
15027,United Kingdom,31,4,1066.15,4,4,4,Champions
16918,United Kingdom,50,6,1068.82,3,4,4,Loyal Customers
17214,United Kingdom,61,6,1069.12,3,4,4,Loyal Customers
14212,United Kingdom,90,1,1070.48,2,1,4,Lost
13761,United Kingdom,51,2,1070.65,3,2,4,Potential Loyalists
17522,United Kingdom,2,5,1070.71,5,4,4,Champions
13635,United Kingdom,68,1,1071.03,3,1,4,Potential Loyalists
15238,United Kingdom,30,3,1071.99,4,3,4,Loyal Customers
15712,United Kingdom,10,5,1072.36,5,4,4,Champions
13131,United Kingdom,24,3,1073.3,4,3,4,Loyal Customers
16563,United Kingdom,54,1,1077.74,3,1,4,Potential Loyalists
16094,United Kingdom,12,4,1078.23,5,4,4,Champions
14352,United Kingdom,158,4,1078.96,2,4,4,At Risk
16980,United Kingdom,256,2,1078.96,1,2,4,Lost
13715,United Kingdom,282,5,1079.34,1,4,4,At Risk
12354,Spain,233,1,1079.4,1,1,4,Lost
15197,United Kingdom,11,3,1079.61,5,3,4,Loyal Customers
13726,United Kingdom,39,2,1079.66,3,2,4,Potential Loyalists
16200,United Kingdom,5,2,1080.62,5,2,4,Potential Loyalists
14561,United Kingdom,76,3,1080.76,2,3,4,At Risk
17041,United Kingdom,27,3,1081.57,4,3,4,Loyal Customers
13467,United Kingdom,11,2,1083.71,5,2,4,Potential Loyalists
15763,United Kingdom,32,2,1086.92,4,2,4,Potential Loyalists
12534,Germany,131,1,1089.18,2,1,4,Lost
13853,United Kingdom,58,1,1090.14,3,1,4,Potential Loyalists
18189,United Kingdom,78,2,1090.24,2,2,4,Lost
13521,United Kingdom,2,3,1093.65,5,3,4,Loyal Customers
15608,United Kingdom,29,4,1093.68,4,4,4,Champions
15745,United Kingdom,20,4,1094.59,4,4,4,Champions
13652,United Kingdom,46,3,1095.08,3,3,4,Loyal Customers
16533,United Kingdom,20,3,1095.56,4,3,4,Loyal Customers
16225,United Kingdom,45,5,1096.32,3,4,4,Loyal Customers
17966,United Kingdom,38,5,1098.43,3,4,4,Loyal Customers
13104,United Kingdom,4,6,1098.48,5,4,4,Champions
15978,United Kingdom,78,1,1098.78,2,1,4,Lost
14744,United Kingdom,17,7,1099.98,4,5,4,Champions
17047,United Kingdom,86,3,1100.9,2,3,4,At Risk
14948,United Kingdom,24,6,1101.97,4,4,4,Champions
14410,United Kingdom,93,9,1105.07,2,5,4,At Risk
12857,United Kingdom,211,2,1106.4,1,2,4,Lost
16833,United Kingdom,2,4,1106.53,5,4,4,Champions
15933,United Kingdom,22,3,1107.46,4,3,4,Loyal Customers
12399,Belgium,120,4,1108.65,2,4,4,At Risk
15069,United Kingdom,180,1,1109.53,1,1,4,Lost
14817,United Kingdom,201,2,1110.34,1,2,4,Lost
14161,United Kingdom,216,3,1110.52,1,3,4,At Risk
16049,United Kingdom,41,3,1111.79,3,3,4,Loyal Customers
17609,United Kingdom,41,5,1112.22,3,4,4,Loyal Customers
12679,France,59,4,1113.02,3,4,4,Loyal Customers
16350,United Kingdom,22,4,1116.47,4,4,4,Champions
14971,United Kingdom,36,3,1116.57,3,3,4,Loyal Customers
13591,United Kingdom,65,3,1117.13,3,3,4,Loyal Customers
17788,United Kingdom,74,2,1117.9,2,2,4,Lost
15716,United Kingdom,146,4,1118.81,2,4,4,At Risk
12842,United Kingdom,71,2,1118.99,3,2,4,Potential Loyalists
13064,United Kingdom,13,4,1119.49,4,4,4,Champions
14276,United Kingdom,99,3,1119.74,2,3,4,At Risk
17894,United Kingdom,72,8,1119.81,3,5,4,Loyal Customers
15730,United Kingdom,66,3,1120.88,3,3,4,Loyal Customers
16086,United Kingdom,60,5,1121.39,3,4,4,Loyal Customers
16807,United Kingdom,143,3,1121.59,2,3,4,At Risk
17562,United Kingdom,15,7,1122.38,4,5,4,Champions
13486,United Kingdom,79,3,1122.41,2,3,4,At Risk
15436,United Kingdom,13,3,1122.53,5,3,4,Loyal Customers
14129,United Kingdom,2,5,1123.86,5,4,4,Champions
17470,United Kingdom,45,5,1125.07,3,4,4,Loyal Customers
14708,United Kingdom,3,3,1126.37,5,3,4,Loyal Customers
12609,Germany,79,3,1126.85,2,3,4,At Risk
14824,United Kingdom,11,4,1127.71,5,4,4,Champions
13447,United Kingdom,24,3,1129.14,4,3,4,Loyal Customers
15500,United Kingdom,9,4,1131.56,5,4,4,Champions
13610,United Kingdom,13,7,1131.88,5,5,4,Champions
13310,United Kingdom,29,3,1132.03,4,3,4,Loyal Customers
13772,United Kingdom,34,3,1132.13,3,3,4,Loyal Customers
13282,United Kingdom,19,3,1132.14,4,3,4,Loyal Customers
17585,United Kingdom,110,4,1133.07,2,4,4,At Risk
16989,United Kingdom,8,6,1133.25,5,4,4,Champions
15489,United Kingdom,23,3,1134.28,4,3,4,Loyal Customers
17242,United Kingdom,109,2,1135.04,2,2,4,Lost
17302,United Kingdom,15,5,1135.63,4,4,4,Champions
17500,United Kingdom,18,3,1138.0,4,3,4,Loyal Customers
17135,United Kingdom,17,7,1139.73,4,5,4,Champions
16172,United Kingdom,96,5,1140.21,2,4,4,At Risk
13819,United Kingdom,302,3,1140.35,1,3,4,At Risk
13330,United Kingdom,93,3,1140.93,2,3,4,At Risk
16270,United Kingdom,354,1,1141.24,1,1,4,Lost
15985,United Kingdom,124,2,1142.42,2,2,4,Lost
18125,United Kingdom,30,4,1142.99,4,4,4,Champions
17770,United Kingdom,199,5,1143.27,1,4,4,At Risk
12769,Brazil,239,1,1143.6,1,1,4,Lost
16766,United Kingdom,274,2,1145.6,1,2,4,Lost
17505,United Kingdom,162,2,1145.84,2,2,4,Lost
12710,Germany,97,3,1149.02,2,3,4,At Risk
16062,United Kingdom,10,4,1153.62,5,4,4,Champions
16637,United Kingdom,33,4,1154.47,4,4,4,Champions
13744,United Kingdom,96,2,1156.36,2,2,4,Lost
14723,United Kingdom,11,6,1158.3,5,4,4,Champions
16184,United Kingdom,65,6,1158.79,3,4,4,Loyal Customers
13499,United Kingdom,18,5,1159.11,4,4,4,Champions
17348,United Kingdom,15,5,1159.52,4,4,4,Champions
15088,United Kingdom,22,2,1160.07,4,2,4,Potential Loyalists
12546,Spain,47,2,1161.5,3,2,4,Potential Loyalists
16714,United Kingdom,219,3,1161.53,1,3,4,At Risk
14447,United Kingdom,19,5,1163.23,4,4,4,Champions
14261,United Kingdom,51,2,1163.45,3,2,4,Potential Loyalists
14737,United Kingdom,4,3,1164.55,5,3,4,Loyal Customers
13500,United Kingdom,24,3,1166.77,4,3,4,Loyal Customers
12358,Austria,2,2,1168.06,5,2,4,Potential Loyalists
18168,United Kingdom,177,6,1169.94,2,4,4,At Risk
13611,United Kingdom,90,3,1171.8,2,3,4,At Risk
14857,United Kingdom,60,2,1173.12,3,2,4,Potential Loyalists
15306,United Kingdom,65,3,1174.35,3,3,4,Loyal Customers
12640,France,24,3,1174.58,4,3,4,Loyal Customers
12885,United Kingdom,64,3,1175.22,3,3,4,Loyal Customers
16950,United Kingdom,57,3,1178.56,3,3,4,Loyal Customers
17058,United Kingdom,82,3,1179.89,2,3,4,At Risk
13752,United Kingdom,125,6,1186.28,2,4,4,At Risk
15630,United Kingdom,46,2,1186.35,3,2,4,Potential Loyalists
16612,United Kingdom,33,4,1187.66,4,4,4,Champions
12462,Spain,19,2,1189.59,4,2,4,Potential Loyalists
13882,United Kingdom,3,5,1191.13,5,4,4,Champions
12611,Italy,53,1,1193.32,3,1,4,Potential Loyalists
15145,United Kingdom,5,4,1194.73,5,4,4,Champions
17526,United Kingdom,5,4,1195.9,5,4,4,Champions
17720,United Kingdom,27,4,1195.94,4,4,4,Champions
14487,United Kingdom,27,6,1196.33,4,4,4,Champions
17867,United Kingdom,31,6,1197.1,4,4,4,Champions
16042,United Kingdom,23,5,1197.27,4,4,4,Champions
13211,United Kingdom,11,3,1197.42,5,3,4,Loyal Customers
13118,United Kingdom,20,5,1197.81,4,4,4,Champions
15605,United Kingdom,37,5,1198.23,3,4,4,Loyal Customers
17800,United Kingdom,38,9,1199.01,3,5,4,Loyal Customers
17320,United Kingdom,101,3,1200.62,2,3,4,At Risk
13158,United Kingdom,95,4,1201.06,2,4,4,At Risk
16800,United Kingdom,12,1,1201.49,5,1,4,Potential Loyalists
15737,United Kingdom,15,8,1205.12,4,5,4,Champions
17653,United Kingdom,37,4,1207.56,3,4,4,Loyal Customers
12464,Belgium,11,8,1212.05,5,5,4,Champions
16653,United Kingdom,17,2,1212.66,4,2,4,Potential Loyalists
13918,United Kingdom,50,2,1212.84,3,2,4,Potential Loyalists
18263,United Kingdom,26,3,1213.16,4,3,4,Loyal Customers
13055,United Kingdom,79,3,1214.41,2,3,4,At Risk
17410,United Kingdom,17,5,1214.72,4,4,4,Champions
13491,United Kingdom,52,10,1215.82,3,5,4,Loyal Customers
15227,United Kingdom,37,5,1219.4,3,4,4,Loyal Customers
14745,United Kingdom,113,5,1220.26,2,4,4,At Risk
16794,United Kingdom,2,10,1222.71,5,5,4,Champions
13208,United Kingdom,59,6,1223.9,3,4,4,Loyal Customers
15841,United Kingdom,73,4,1224.06,2,4,4,At Risk
17774,United Kingdom,97,4,1225.41,2,4,4,At Risk
12412,Denmark,75,3,1226.88,2,3,4,At Risk
12997,United Kingdom,23,4,1226.89,4,4,4,Champions
14913,United Kingdom,36,4,1227.43,3,4,4,Loyal Customers
18171,United Kingdom,59,5,1231.31,3,4,4,Loyal Customers
18080,United Kingdom,19,2,1231.5,4,2,4,Potential Loyalists
15910,United Kingdom,1,8,1232.18,5,5,4,Champions
15376,United Kingdom,41,3,1233.36,3,3,4,Loyal Customers
14684,United Kingdom,26,5,1236.28,4,4,4,Champions
15201,United Kingdom,88,5,1236.54,2,4,4,At Risk
13931,United Kingdom,96,2,1237.53,2,2,4,Lost
14893,United Kingdom,10,2,1237.85,5,2,4,Potential Loyalists
13476,United Kingdom,179,2,1238.47,2,2,4,Lost
12985,United Kingdom,1,2,1239.38,5,2,4,Potential Loyalists
17731,United Kingdom,80,4,1240.11,2,4,4,At Risk
17588,United Kingdom,101,3,1240.2,2,3,4,At Risk
17584,United Kingdom,8,2,1242.3,5,2,4,Potential Loyalists
16531,United Kingdom,23,7,1244.59,4,5,4,Champions
14428,United Kingdom,8,5,1244.83,5,4,4,Champions
13860,United Kingdom,2,5,1245.9,5,4,4,Champions
12494,France,16,7,1246.1,4,5,4,Champions
15004,United Kingdom,148,1,1246.32,2,1,4,Lost
13029,United Kingdom,31,3,1247.5,4,3,4,Loyal Customers
12689,France,26,2,1247.61,4,2,4,Potential Loyalists
14383,United Kingdom,39,3,1247.69,3,3,4,Loyal Customers
14698,United Kingdom,2,5,1250.76,5,4,4,Champions
17262,United Kingdom,53,5,1253.36,3,4,4,Loyal Customers
13848,United Kingdom,93,3,1255.0,2,3,4,At Risk
17481,United Kingdom,4,4,1255.59,5,4,4,Champions
16639,United Kingdom,32,3,1257.51,4,3,4,Loyal Customers
14931,Channel Islands,5,5,1257.68,5,4,4,Champions
13151,United Kingdom,296,1,1257.87,1,1,4,Lost
17412,United Kingdom,3,7,1258.06,5,5,4,Champions
17388,United Kingdom,78,4,1259.56,2,4,4,At Risk
16688,United Kingdom,2,4,1260.86,5,4,4,Champions
15009,United Kingdom,13,3,1261.78,5,3,4,Loyal Customers
15497,United Kingdom,18,2,1262.2,4,2,4,Potential Loyalists
16842,United Kingdom,101,3,1264.19,2,3,4,At Risk
13989,United Kingdom,66,2,1266.08,3,2,4,Potential Loyalists
14105,United Kingdom,240,1,1266.23,1,1,4,Lost
17158,United Kingdom,33,3,1266.97,4,3,4,Loyal Customers
17037,United Kingdom,88,1,1267.32,2,1,4,Lost
16660,United Kingdom,17,4,1267.65,4,4,4,Champions
15199,United Kingdom,60,4,1268.7,3,4,4,Loyal Customers
14916,United Kingdom,71,4,1268.98,3,4,4,Loyal Customers
13431,United Kingdom,68,2,1269.1,3,2,4,Potential Loyalists
13492,Switzerland,137,3,1269.84,2,3,4,At Risk
14669,United Kingdom,242,3,1269.99,1,3,4,At Risk
12630,Finland,10,2,1270.88,5,2,4,Potential Loyalists
12394,Belgium,64,2,1272.48,3,2,4,Potential Loyalists
17019,United Kingdom,12,4,1272.61,5,4,4,Champions
16692,United Kingdom,257,2,1276.0,1,2,4,Lost
16951,United Kingdom,135,3,1277.75,2,3,4,At Risk
13538,United Kingdom,44,7,1280.85,3,5,4,Loyal Customers
13878,United Kingdom,55,1,1281.53,3,1,4,Potential Loyalists
16899,United Kingdom,8,6,1281.56,5,4,4,Champions
17802,United Kingdom,83,3,1285.04,2,3,4,At Risk
17350,United Kingdom,9,4,1286.07,5,4,4,Champions
16949,United Kingdom,4,6,1286.27,5,4,4,Champions
15136,United Kingdom,3,4,1286.7,5,4,4,Champions
15171,United Kingdom,332,1,1289.5,1,1,4,Lost
16101,United Kingdom,71,1,1290.7,3,1,4,Potential Loyalists
15621,United Kingdom,5,4,1293.03,5,4,4,Champions
16224,United Kingdom,58,4,1295.3,3,4,4,Loyal Customers
16929,United Kingdom,4,7,1295.39,5,5,4,Champions
17961,United Kingdom,22,39,1296.44,4,5,4,Champions
15602,United Kingdom,9,9,1297.87,5,5,4,Champions
12372,Denmark,72,3,1298.04,2,3,4,At Risk
12488,France,10,3,1298.66,5,3,4,Loyal Customers
15494,United Kingdom,22,2,1299.23,4,2,4,Potential Loyalists
15108,European Community,142,4,1300.25,2,4,4,At Risk
14898,United Kingdom,24,6,1303.52,4,4,4,Champions
15813,United Kingdom,208,2,1303.91,1,2,4,Lost
17919,United Kingdom,89,1,1304.04,2,1,4,Lost
16744,United Kingdom,12,7,1304.76,5,5,4,Champions
12507,Spain,135,3,1304.81,2,3,4,At Risk
14297,United Kingdom,18,4,1305.33,4,4,4,Champions
13328,United Kingdom,317,1,1308.48,1,1,4,Lost
14047,United Kingdom,9,5,1308.61,5,4,4,Champions
16120,United Kingdom,60,4,1309.14,3,4,4,Loyal Customers
14477,United Kingdom,20,4,1309.6,4,4,4,Champions
14856,United Kingdom,37,3,1311.38,3,3,4,Loyal Customers
12516,Germany,78,2,1312.06,2,2,4,Lost
12364,Belgium,8,4,1313.1,5,4,4,Champions
16040,United Kingdom,66,3,1313.55,3,3,4,Loyal Customers
14738,United Kingdom,43,7,1314.45,3,5,4,Loyal Customers
14973,United Kingdom,108,3,1314.45,2,3,4,At Risk
16464,United Kingdom,20,3,1314.68,4,3,4,Loyal Customers
14511,United Kingdom,12,5,1314.81,5,4,4,Champions
12576,Poland,36,5,1315.83,3,4,4,Loyal Customers
14921,United Kingdom,31,2,1316.07,4,2,4,Potential Loyalists
12526,Germany,1,3,1316.66,5,3,4,Loyal Customers
16083,United Kingdom,101,2,1317.62,2,2,4,Lost
13168,United Kingdom,37,4,1319.19,3,4,4,Loyal Customers
14794,United Kingdom,3,7,1319.91,5,5,4,Champions
16370,United Kingdom,83,4,1320.56,2,4,4,At Risk
17095,United Kingdom,23,3,1324.16,4,3,4,Loyal Customers
12854,United Kingdom,79,3,1324.5,2,3,4,At Risk
17633,United Kingdom,32,4,1324.84,4,4,4,Champions
15146,United Kingdom,165,2,1327.16,2,2,4,Lost
16295,United Kingdom,10,4,1328.55,5,4,4,Champions
12676,Sweden,25,6,1331.39,4,4,4,Champions
17932,United Kingdom,30,3,1331.57,4,3,4,Loyal Customers
15680,United Kingdom,10,3,1333.68,5,3,4,Loyal Customers
12919,United Kingdom,9,6,1335.19,5,4,4,Champions
16110,United Kingdom,46,3,1337.48,3,3,4,Loyal Customers
15059,United Kingdom,41,9,1337.72,3,5,4,Loyal Customers
12620,France,15,3,1339.41,4,3,4,Loyal Customers
15734,United Kingdom,115,2,1339.45,2,2,4,Lost
13501,Switzerland,289,1,1340.32,1,1,4,Lost
16045,United Kingdom,120,4,1340.7,2,4,4,At Risk
18177,United Kingdom,32,6,1341.42,4,4,4,Champions
13743,United Kingdom,3,7,1341.6,5,5,4,Champions
16317,United Kingdom,120,3,1341.65,2,3,4,At Risk
17372,United Kingdom,41,8,1342.68,3,5,4,Loyal Customers
12463,Belgium,54,4,1344.78,3,4,4,Loyal Customers
15398,United Kingdom,17,2,1345.53,4,2,4,Potential Loyalists
14154,United Kingdom,240,2,1345.62,1,2,4,Lost
12646,USA,5,2,1346.97,5,2,4,Potential Loyalists
12770,Japan,211,1,1351.45,1,1,4,Lost
16493,United Kingdom,80,4,1351.63,2,4,4,At Risk
16079,United Kingdom,17,3,1352.0,4,3,4,Loyal Customers
15116,United Kingdom,18,4,1352.75,4,4,4,Champions
14064,United Kingdom,30,5,1353.74,4,4,4,Champions
14859,United Kingdom,13,4,1353.74,5,4,4,Champions
17054,United Kingdom,29,5,1356.33,4,4,4,Champions
13232,United Kingdom,13,7,1357.6,5,5,4,Champions
15411,United Kingdom,27,4,1358.88,4,4,4,Champions
14102,United Kingdom,6,5,1360.28,5,4,4,Champions
13396,United Kingdom,30,2,1360.99,4,2,4,Potential Loyalists
14897,United Kingdom,8,4,1366.38,5,4,4,Champions
13813,Germany,40,4,1366.86,3,4,4,Loyal Customers
15095,United Kingdom,104,4,1370.6,2,4,4,At Risk
14434,United Kingdom,22,6,1372.8,4,4,4,Champions
16669,United Kingdom,24,3,1374.87,4,3,4,Loyal Customers
15569,United Kingdom,104,5,1375.71,2,4,4,At Risk
12886,United Kingdom,68,2,1378.4,3,2,4,Potential Loyalists
17621,United Kingdom,22,3,1379.9,4,3,4,Loyal Customers
16726,United Kingdom,27,5,1382.02,4,4,4,Champions
16389,United Kingdom,54,4,1382.07,3,4,4,Loyal Customers
14116,United Kingdom,20,5,1382.74,4,4,4,Champions
14507,United Kingdom,24,6,1383.18,4,4,4,Champions
13572,United Kingdom,206,1,1384.25,1,1,4,Lost
17311,United Kingdom,79,2,1384.85,2,2,4,Lost
18167,United Kingdom,24,3,1384.86,4,3,4,Loyal Customers
13308,United Kingdom,23,3,1385.51,4,3,4,Loyal Customers
12775,Netherlands,18,5,1386.04,4,4,4,Champions
17676,United Kingdom,5,6,1387.68,5,4,4,Champions
12952,United Kingdom,6,4,1387.79,5,4,4,Champions
15134,United Kingdom,15,8,1387.99,4,5,4,Champions
15453,United Kingdom,2,7,1388.37,5,5,4,Champions
16539,United Kingdom,3,4,1388.81,5,4,4,Champions
15898,United Kingdom,2,5,1388.88,5,4,4,Champions
13516,United Kingdom,22,3,1389.41,4,3,4,Loyal Customers
13414,United Kingdom,134,3,1390.5,2,3,4,At Risk
15051,United Kingdom,24,3,1391.61,4,3,4,Loyal Customers
15810,United Kingdom,79,4,1391.98,2,4,4,At Risk
17354,United Kingdom,51,1,1393.06,3,1,4,Potential Loyalists
13995,United Kingdom,16,5,1393.69,4,4,4,Champions
18202,United Kingdom,200,3,1396.99,1,3,4,At Risk
14741,United Kingdom,12,6,1400.34,5,4,4,Champions
15563,United Kingdom,23,4,1400.44,4,4,4,Champions
17083,United Kingdom,110,3,1405.78,2,3,4,At Risk
15596,United Kingdom,101,5,1406.59,2,4,4,At Risk
15237,United Kingdom,2,4,1412.32,5,4,4,Champions
17004,United Kingdom,47,2,1412.94,3,2,4,Potential Loyalists
16245,United Kingdom,24,3,1413.66,4,3,4,Loyal Customers
16012,United Kingdom,36,3,1415.29,3,3,4,Loyal Customers
14748,United Kingdom,30,5,1415.75,4,4,4,Champions
14649,United Kingdom,5,4,1417.29,5,4,4,Champions
17856,United Kingdom,2,4,1418.03,5,4,4,Champions
18116,United Kingdom,68,8,1418.03,3,5,4,Loyal Customers
15444,United Kingdom,10,2,1418.26,5,2,4,Potential Loyalists
16173,United Kingdom,16,6,1418.32,4,4,4,Champions
17288,United Kingdom,10,7,1419.73,5,5,4,Champions
14443,United Kingdom,54,4,1420.2,3,4,4,Loyal Customers
14901,United Kingdom,12,9,1421.29,5,5,4,Champions
14019,United Kingdom,47,3,1421.61,3,3,4,Loyal Customers
16571,United Kingdom,27,3,1421.69,4,3,4,Loyal Customers
16463,United Kingdom,22,4,1422.4,4,4,4,Champions
15106,United Kingdom,18,5,1422.52,4,4,4,Champions
15681,United Kingdom,26,5,1426.16,4,4,4,Champions
14035,United Kingdom,29,5,1428.02,4,4,4,Champions
16271,United Kingdom,3,5,1429.24,5,4,4,Champions
16103,United Kingdom,8,6,1429.64,5,4,4,Champions
13475,United Kingdom,192,4,1431.78,1,4,4,At Risk
16503,United Kingdom,107,4,1431.93,2,4,4,At Risk
14566,Channel Islands,111,1,1432.0,2,1,4,Lost
13159,United Kingdom,9,4,1437.85,5,4,4,Champions
14071,United Kingdom,4,8,1438.82,5,5,4,Champions
15858,United Kingdom,16,5,1438.85,4,4,4,Champions
15478,United Kingdom,41,2,1441.42,3,2,4,Potential Loyalists
17175,United Kingdom,45,4,1443.69,3,4,4,Loyal Customers
13461,United Kingdom,39,3,1445.0,3,3,4,Loyal Customers
13717,United Kingdom,33,6,1445.01,3,4,4,Loyal Customers
17073,United Kingdom,18,4,1446.09,4,4,4,Champions
14591,United Kingdom,16,4,1447.14,4,4,4,Champions
15426,United Kingdom,20,5,1447.39,4,4,4,Champions
14740,United Kingdom,198,3,1448.21,1,3,4,At Risk
15987,United Kingdom,13,7,1451.28,5,5,4,Champions
13477,United Kingdom,38,6,1454.58,3,4,4,Loyal Customers
13309,United Kingdom,8,5,1456.79,5,4,4,Champions
16996,United Kingdom,31,6,1456.96,4,4,4,Champions
16059,United Kingdom,66,6,1459.86,3,4,4,Loyal Customers
17063,United Kingdom,22,7,1461.14,4,5,4,Champions
14541,United Kingdom,59,8,1461.65,3,5,4,Loyal Customers
14233,United Kingdom,50,4,1462.72,3,4,4,Loyal Customers
12882,United Kingdom,10,2,1463.04,5,2,4,Potential Loyalists
14875,United Kingdom,108,2,1465.32,2,2,4,Lost
16348,United Kingdom,33,7,1469.45,4,5,4,Champions
15128,United Kingdom,61,4,1471.0,3,4,4,Loyal Customers
14246,United Kingdom,111,3,1474.06,2,3,4,At Risk
14404,United Kingdom,34,6,1474.32,3,4,4,Loyal Customers
12826,United Kingdom,3,7,1474.72,5,5,4,Champions
15983,United Kingdom,23,4,1475.02,4,4,4,Champions
14403,United Kingdom,131,4,1475.81,2,4,4,At Risk
17590,United Kingdom,3,3,1479.22,5,3,4,Loyal Customers
15427,United Kingdom,34,3,1483.14,3,3,4,Loyal Customers
18016,United Kingdom,33,5,1483.56,4,4,4,Champions
14758,United Kingdom,145,4,1484.06,2,4,4,At Risk
14878,United Kingdom,13,9,1485.54,5,5,4,Champions
16395,United Kingdom,61,5,1486.9,3,4,4,Loyal Customers
17553,United Kingdom,130,1,1487.6,2,1,4,Lost
14963,United Kingdom,10,5,1487.8,5,4,4,Champions
13692,United Kingdom,25,3,1488.32,4,3,4,Loyal Customers
13110,United Kingdom,32,7,1488.67,4,5,4,Champions
15057,United Kingdom,276,2,1489.5,1,2,4,Lost
17002,United Kingdom,86,3,1493.73,2,3,4,At Risk
16755,United Kingdom,115,3,1496.83,2,3,4,At Risk
14414,United Kingdom,92,7,1496.98,2,5,4,At Risk
17571,United Kingdom,51,4,1498.51,3,4,4,Loyal Customers
13810,Germany,29,3,1499.01,4,3,4,Loyal Customers
16762,United Kingdom,20,3,1501.38,4,3,4,Loyal Customers
15530,United Kingdom,22,4,1502.35,4,4,4,Champions
12937,United Kingdom,16,4,1504.27,4,4,4,Champions
15265,United Kingdom,152,2,1506.12,2,2,4,Lost
16016,United Kingdom,4,8,1508.76,5,5,4,Champions
16279,United Kingdom,22,3,1509.58,4,3,4,Loyal Customers
16910,United Kingdom,5,8,1510.06,5,5,4,Champions
16053,United Kingdom,33,2,1511.95,4,2,4,Potential Loyalists
16748,United Kingdom,18,5,1515.9,4,4,4,Champions
13791,United Kingdom,128,2,1516.0,2,2,4,Lost
14267,United Kingdom,163,3,1516.24,2,3,4,At Risk
16880,United Kingdom,31,7,1519.08,4,5,4,Champions
13213,United Kingdom,57,5,1520.58,3,4,4,Loyal Customers
13764,United Kingdom,71,3,1521.76,3,3,4,Loyal Customers
16066,United Kingdom,17,5,1521.87,4,4,4,Champions
16434,United Kingdom,30,7,1522.25,4,5,4,Champions
16244,United Kingdom,212,2,1522.75,1,2,4,Lost
15916,United Kingdom,17,8,1528.09,4,5,4,Champions
14567,United Kingdom,57,2,1530.36,3,2,4,Potential Loyalists
14321,United Kingdom,11,5,1530.75,5,4,4,Champions
12759,Netherlands,53,3,1531.44,3,3,4,Loyal Customers
13107,United Kingdom,45,4,1531.62,3,4,4,Loyal Customers
15625,United Kingdom,104,4,1534.26,2,4,4,At Risk
15392,United Kingdom,5,4,1535.53,5,4,4,Champions
12877,United Kingdom,4,12,1535.77,5,5,4,Champions
13849,United Kingdom,52,2,1537.95,3,2,4,Potential Loyalists
17159,United Kingdom,22,3,1538.88,4,3,4,Loyal Customers
16365,United Kingdom,18,9,1540.42,4,5,4,Champions
12818,Austria,262,1,1542.08,1,1,4,Lost
15701,United Kingdom,3,4,1542.14,5,4,4,Champions
13397,United Kingdom,73,5,1544.13,2,4,4,At Risk
16790,United Kingdom,4,6,1545.62,5,4,4,Champions
14704,United Kingdom,12,9,1546.91,5,5,4,Champions
14229,United Kingdom,52,3,1547.2,3,3,4,Loyal Customers
13320,United Kingdom,79,4,1548.7,2,4,4,At Risk
15117,United Kingdom,15,5,1551.78,4,4,4,Champions
15620,United Kingdom,57,3,1553.18,3,3,4,Loyal Customers
16369,United Kingdom,19,3,1553.66,4,3,4,Loyal Customers
13313,United Kingdom,23,5,1555.32,4,4,4,Champions
16394,United Kingdom,57,5,1555.34,3,4,4,Loyal Customers
14038,United Kingdom,79,3,1560.38,2,3,4,At Risk
18239,United Kingdom,219,5,1561.61,1,4,4,At Risk
17204,United Kingdom,176,4,1564.56,2,4,4,At Risk
17085,United Kingdom,124,5,1566.65,2,4,4,At Risk
15111,United Kingdom,30,3,1567.48,4,3,4,Loyal Customers
15906,United Kingdom,20,7,1567.69,4,5,4,Champions
12865,Austria,27,2,1568.23,4,2,4,Potential Loyalists
16283,United Kingdom,6,5,1570.81,5,4,4,Champions
17671,United Kingdom,16,4,1572.71,4,4,4,Champions
13659,United Kingdom,206,2,1573.2,1,2,4,Lost
13634,United Kingdom,34,5,1575.16,3,4,4,Loyal Customers
13186,United Kingdom,40,3,1575.89,3,3,4,Loyal Customers
16889,United Kingdom,195,3,1578.67,1,3,4,At Risk
13814,Germany,93,2,1579.12,2,2,4,Lost
12607,USA,61,1,1579.51,3,1,4,Potential Loyalists
15532,United Kingdom,26,4,1580.93,4,4,4,Champions
12393,Australia,73,4,1582.6,2,4,4,At Risk
14442,Channel Islands,205,2,1589.82,1,2,4,Lost
18178,United Kingdom,129,4,1590.81,2,4,4,At Risk
15611,United Kingdom,10,13,1591.45,5,5,4,Champions
14970,United Kingdom,69,4,1592.06,3,4,4,Loyal Customers
16676,United Kingdom,34,4,1592.12,3,4,4,Loyal Customers
16332,United Kingdom,29,7,1593.2,4,5,4,Champions
17837,United Kingdom,43,8,1593.38,3,5,4,Loyal Customers
13850,United Kingdom,130,1,1595.48,2,1,4,Lost
16496,United Kingdom,9,3,1599.52,5,3,4,Loyal Customers
15660,United Kingdom,26,9,1600.86,4,5,4,Champions
14587,United Kingdom,19,9,1601.14,4,5,4,Champions
14719,United Kingdom,2,5,1602.13,5,4,4,Champions
16466,United Kingdom,34,7,1603.46,3,5,4,Loyal Customers
12947,United Kingdom,144,6,1603.99,2,4,4,At Risk
16817,United Kingdom,3,9,1604.75,5,5,4,Champions
12868,United Kingdom,186,6,1607.06,1,4,4,At Risk
14918,United Kingdom,116,2,1610.15,2,2,4,Lost
13614,United Kingdom,25,4,1610.46,4,4,4,Champions
14312,United Kingdom,47,6,1611.59,3,4,4,Loyal Customers
15791,United Kingdom,44,2,1612.69,3,2,4,Potential Loyalists
16992,United Kingdom,11,5,1614.31,5,4,4,Champions
14336,United Kingdom,17,4,1614.91,4,4,4,Champions
18161,United Kingdom,16,5,1618.69,4,4,4,Champions
16801,United Kingdom,164,4,1619.73,2,4,4,At Risk
14178,United Kingdom,9,7,1620.93,5,5,4,Champions
17101,United Kingdom,11,4,1621.73,5,4,4,Champions
14937,Channel Islands,57,3,1621.88,3,3,4,Loyal Customers
15172,United Kingdom,9,5,1624.05,5,4,4,Champions
13425,United Kingdom,109,3,1624.21,2,3,4,At Risk
16987,United Kingdom,4,7,1625.05,5,5,4,Champions
14759,United Kingdom,5,3,1625.97,5,3,4,Loyal Customers
16515,United Kingdom,53,5,1627.13,3,4,4,Loyal Customers
12377,Switzerland,316,2,1628.12,1,2,4,Lost
17673,United Kingdom,2,6,1629.12,5,4,4,Champions
14164,United Kingdom,71,2,1631.77,3,2,4,Potential Loyalists
15122,United Kingdom,115,3,1633.78,2,3,4,At Risk
12398,Switzerland,46,1,1635.66,3,1,4,Potential Loyalists
13627,United Kingdom,60,5,1638.47,3,4,4,Loyal Customers
15002,United Kingdom,116,4,1641.76,2,4,4,At Risk
12657,France,12,4,1643.18,5,4,4,Champions
13750,United Kingdom,54,5,1647.26,3,4,4,Loyal Customers
14837,United Kingdom,90,4,1649.5,2,4,4,At Risk
16711,United Kingdom,4,5,1651.03,5,4,4,Champions
17284,United Kingdom,61,6,1652.58,3,4,4,Loyal Customers
14573,United Kingdom,180,9,1653.42,1,5,4,At Risk
15826,United Kingdom,57,3,1654.31,3,3,4,Loyal Customers
15953,United Kingdom,16,8,1659.38,4,5,4,Champions
14045,United Kingdom,110,4,1659.75,2,4,4,At Risk
12967,United Kingdom,359,2,1660.9,1,2,4,Lost
15332,Lithuania,367,4,1661.06,1,4,4,At Risk
15024,United Kingdom,10,10,1661.33,5,5,4,Champions
15214,United Kingdom,2,8,1661.44,5,5,4,Champions
13012,United Kingdom,10,8,1661.84,5,5,4,Champions
12530,Germany,60,4,1662.28,3,4,4,Loyal Customers
12912,United Kingdom,3,5,1662.3,5,4,4,Champions
16115,United Kingdom,10,8,1667.97,5,5,4,Champions
17656,United Kingdom,74,5,1674.69,2,4,4,At Risk
13149,United Kingdom,15,4,1676.06,4,4,4,Champions
13647,United Kingdom,10,4,1678.12,5,4,4,Champions
16638,United Kingdom,23,10,1680.72,4,5,4,Champions
13577,United Kingdom,26,4,1687.6,4,4,4,Champions
13162,United Kingdom,123,4,1688.29,2,4,4,At Risk
12635,Germany,90,2,1689.18,2,2,4,Lost
17152,United Kingdom,195,3,1689.5,1,3,4,At Risk
15380,United Kingdom,9,5,1690.26,5,4,4,Champions
16671,United Kingdom,29,3,1692.27,4,3,4,Loyal Customers
16813,United Kingdom,9,10,1692.98,5,5,4,Champions
15549,United Kingdom,78,3,1693.26,2,3,4,At Risk
14245,United Kingdom,220,2,1693.45,1,2,4,Lost
12764,Lebanon,317,1,1693.88,1,1,4,Lost
16775,United Kingdom,11,11,1695.66,5,5,4,Champions
13824,United Kingdom,33,5,1698.94,3,4,4,Loyal Customers
17193,United Kingdom,36,7,1699.3,3,5,4,Loyal Customers
13184,United Kingdom,15,10,1701.29,4,5,4,Champions
16007,United Kingdom,48,4,1701.94,3,4,4,Loyal Customers
12843,United Kingdom,66,8,1702.26,3,5,4,Loyal Customers
17282,United Kingdom,131,3,1703.41,2,3,4,At Risk
16398,United Kingdom,155,2,1705.8,2,2,4,Lost
15240,United Kingdom,45,5,1706.57,3,4,4,Loyal Customers
16902,United Kingdom,117,1,1706.88,2,1,4,Lost
12407,Belgium,50,5,1708.12,3,4,4,Loyal Customers
15947,United Kingdom,83,1,1708.24,2,1,4,Lost
12405,Finland,149,1,1710.39,2,1,4,Lost
14441,United Kingdom,1,4,1712.89,5,4,4,Champions
17147,United Kingdom,23,4,1714.59,4,4,4,Champions
13763,United Kingdom,64,1,1714.96,3,1,4,Potential Loyalists
17162,United Kingdom,29,10,1715.46,4,5,4,Champions
15267,United Kingdom,23,5,1717.36,4,4,4,Champions
14834,United Kingdom,18,6,1720.3,4,4,4,Champions
17451,United Kingdom,2,7,1721.4,5,5,4,Champions
16791,United Kingdom,30,7,1721.78,4,5,4,Champions
17043,United Kingdom,33,4,1735.18,4,4,4,Champions
14673,United Kingdom,4,5,1736.4,5,4,4,Champions
17457,United Kingdom,127,5,1737.7,2,4,4,At Risk
17353,United Kingdom,130,2,1740.0,2,2,4,Lost
17930,United Kingdom,36,5,1740.48,3,4,4,Loyal Customers
14595,United Kingdom,20,6,1740.6,4,4,4,Champions
13157,United Kingdom,50,4,1741.22,3,4,4,Loyal Customers
15067,United Kingdom,79,3,1744.76,2,3,4,At Risk
13808,United Kingdom,6,5,1747.66,5,4,4,Champions
13564,United Kingdom,145,3,1749.02,2,3,4,At Risk
16359,United Kingdom,8,9,1750.92,5,5,4,Champions
15241,United Kingdom,67,8,1756.44,3,5,4,Loyal Customers
12349,Italy,19,1,1757.55,4,1,4,Potential Loyalists
12823,United Kingdom,75,5,1759.5,2,4,4,At Risk
12424,Australia,163,2,1760.96,2,2,4,Lost
16751,United Kingdom,31,1,1764.72,4,1,4,Potential Loyalists
15950,United Kingdom,32,4,1765.51,4,4,4,Champions
13456,United Kingdom,18,6,1766.72,4,4,4,Champions
16681,United Kingdom,73,6,1770.34,2,4,4,At Risk
14387,United Kingdom,33,3,1770.56,3,3,4,Loyal Customers
17813,United Kingdom,15,5,1770.88,4,4,4,Champions
15473,United Kingdom,15,7,1771.2,4,5,4,Champions
15594,United Kingdom,16,5,1771.78,4,4,4,Champions
17754,United Kingdom,1,5,1772.26,5,4,4,Champions
12645,Germany,34,4,1775.18,3,4,4,Loyal Customers
17092,United Kingdom,51,4,1777.78,3,4,4,Loyal Customers
15220,United Kingdom,52,6,1778.96,3,4,4,Loyal Customers
16380,United Kingdom,62,1,1780.59,3,1,4,Potential Loyalists
15050,United Kingdom,26,3,1782.09,4,3,4,Loyal Customers
14935,Channel Islands,298,1,1784.71,1,1,4,Lost
14608,United Kingdom,5,4,1785.15,5,4,4,Champions
13875,United Kingdom,54,5,1786.79,3,4,4,Loyal Customers
14621,United Kingdom,2,5,1788.36,5,4,4,Champions
14215,United Kingdom,12,6,1789.72,5,4,4,Champions
12523,France,20,11,1789.77,4,5,4,Champions
16719,United Kingdom,15,7,1790.42,4,5,4,Champions
13510,United Kingdom,2,4,1791.56,5,4,4,Champions
18179,United Kingdom,10,6,1793.17,5,4,4,Champions
13134,United Kingdom,86,4,1793.58,2,4,4,At Risk
18235,United Kingdom,72,3,1796.48,3,3,4,Loyal Customers
12348,Finland,76,4,1797.24,2,4,4,At Risk
17648,United Kingdom,61,4,1797.5,3,4,4,Loyal Customers
17750,United Kingdom,6,9,1797.57,5,5,4,Champions
13196,United Kingdom,12,4,1797.78,5,4,4,Champions
13562,United Kingdom,82,3,1799.33,2,3,4,At Risk
16249,United Kingdom,53,5,1800.07,3,4,4,Loyal Customers
15812,United Kingdom,108,5,1801.14,2,4,4,At Risk
17663,United Kingdom,26,7,1802.91,4,5,4,Champions
13481,United Kingdom,46,5,1804.56,3,4,4,Loyal Customers
15260,United Kingdom,101,7,1810.77,2,5,4,At Risk
17629,United Kingdom,6,8,1814.12,5,5,4,Champions
17828,Malta,23,4,1820.09,4,4,4,Champions
16169,United Kingdom,9,4,1822.97,5,4,4,Champions
17705,United Kingdom,4,9,1823.52,5,5,4,Champions
16153,United Kingdom,50,5,1824.23,3,4,4,Loyal Customers
17702,United Kingdom,31,4,1824.37,4,4,4,Champions
18122,United Kingdom,9,6,1826.21,5,4,4,Champions
15203,United Kingdom,26,6,1827.8,4,4,4,Champions
16152,United Kingdom,269,1,1829.04,1,1,4,Lost
14665,United Kingdom,61,5,1835.7,3,4,4,Loyal Customers
13048,United Kingdom,15,4,1835.91,4,4,4,Champions
15827,United Kingdom,74,14,1836.09,2,5,4,At Risk
13650,United Kingdom,17,6,1836.34,4,4,4,Champions
18287,United Kingdom,43,3,1837.28,3,3,4,Loyal Customers
14459,United Kingdom,156,1,1837.92,2,1,4,Lost
13924,United Kingdom,2,6,1838.85,5,4,4,Champions
14216,United Kingdom,4,4,1839.3,5,4,4,Champions
14113,United Kingdom,4,4,1840.42,5,4,4,Champions
16455,United Kingdom,64,7,1841.18,3,5,4,Loyal Customers
16102,United Kingdom,43,3,1842.14,3,3,4,Loyal Customers
17015,United Kingdom,29,3,1842.56,4,3,4,Loyal Customers
12950,United Kingdom,3,3,1843.0,5,3,4,Loyal Customers
18180,United Kingdom,5,6,1843.75,5,4,4,Champions
17519,United Kingdom,18,6,1844.02,4,4,4,Champions
12381,Norway,5,5,1845.31,5,4,4,Champions
12383,Belgium,185,5,1850.56,1,4,4,At Risk
13421,United Kingdom,41,2,1851.08,3,2,4,Potential Loyalists
16979,United Kingdom,4,6,1852.0,5,4,4,Champions
12963,United Kingdom,9,8,1856.63,5,5,4,Champions
14305,United Kingdom,72,3,1858.96,3,3,4,Loyal Customers
17873,United Kingdom,81,5,1859.16,2,4,4,At Risk
12423,Belgium,1,8,1859.31,5,5,4,Champions
14887,United Kingdom,80,1,1862.0,2,1,4,Lost
16201,United Kingdom,4,4,1863.47,5,4,4,Champions
17787,United Kingdom,153,4,1865.19,2,4,4,At Risk
14524,United Kingdom,32,9,1867.68,4,5,4,Champions
16841,United Kingdom,37,6,1869.82,3,4,4,Loyal Customers
17469,United Kingdom,17,5,1870.97,4,4,4,Champions
16474,United Kingdom,8,7,1871.5,5,5,4,Champions
13982,United Kingdom,40,4,1871.81,3,4,4,Loyal Customers
16986,United Kingdom,30,2,1873.2,4,2,4,Potential Loyalists
17293,United Kingdom,9,9,1875.11,5,5,4,Champions
15367,United Kingdom,58,4,1877.59,3,4,4,Loyal Customers
17738,United Kingdom,20,4,1879.05,4,4,4,Champions
16128,United Kingdom,18,5,1880.22,4,4,4,Champions
13890,United Kingdom,2,10,1883.81,5,5,4,Champions
16170,United Kingdom,51,6,1885.05,3,4,4,Loyal Customers
15641,United Kingdom,106,4,1887.2,2,4,4,At Risk
12371,Switzerland,45,2,1887.96,3,2,4,Potential Loyalists
14934,Channel Islands,82,2,1890.94,2,2,4,Lost
17870,United Kingdom,3,12,1894.35,5,5,4,Champions
17463,United Kingdom,17,5,1896.41,4,4,4,Champions
12762,Portugal,8,2,1898.52,5,2,4,Potential Loyalists
14250,United Kingdom,8,3,1904.05,5,3,4,Loyal Customers
15819,United Kingdom,50,4,1905.45,3,4,4,Loyal Customers
14210,United Kingdom,106,6,1905.84,2,4,4,At Risk
17228,United Kingdom,16,8,1906.09,4,5,4,Champions
16426,United Kingdom,3,10,1908.25,5,5,4,Champions
14285,United Kingdom,22,4,1910.01,4,4,4,Champions
17368,United Kingdom,24,8,1912.67,4,5,4,Champions
15021,United Kingdom,9,9,1914.82,5,5,4,Champions
16942,United Kingdom,13,9,1920.59,5,5,4,Champions
13094,United Kingdom,22,12,1927.32,4,5,4,Champions
16983,United Kingdom,13,7,1931.25,5,5,4,Champions
14978,United Kingdom,73,5,1931.42,2,4,4,At Risk
14655,United Kingdom,9,4,1932.23,5,4,4,Champions
12528,Germany,10,6,1933.48,5,4,4,Champions
15157,United Kingdom,4,3,1936.07,5,3,4,Loyal Customers
15864,United Kingdom,23,6,1936.32,4,4,4,Champions
14472,United Kingdom,104,8,1936.84,2,5,4,At Risk
14418,United Kingdom,4,3,1937.25,5,3,4,Loyal Customers
15518,United Kingdom,65,8,1942.45,3,5,4,Loyal Customers
15814,United Kingdom,17,4,1945.33,4,4,4,Champions
14653,United Kingdom,2,7,1947.55,5,5,4,Champions
14533,United Kingdom,25,7,1949.72,4,5,4,Champions
17554,United Kingdom,2,5,1952.45,5,4,4,Champions
12853,United Kingdom,135,6,1957.1,2,4,4,At Risk
14498,United Kingdom,43,5,1957.32,3,4,4,Loyal Customers
15351,United Kingdom,13,7,1960.11,5,5,4,Champions
17218,United Kingdom,5,10,1960.72,5,5,4,Champions
17790,United Kingdom,27,14,1965.55,4,5,4,Champions
12674,France,39,4,1970.6,3,4,4,Loyal Customers
17997,United Kingdom,75,8,1970.67,2,5,4,At Risk
16341,United Kingdom,25,4,1971.87,4,4,4,Champions
17422,United Kingdom,17,6,1979.37,4,4,4,Champions
13725,United Kingdom,50,8,1980.56,3,5,4,Loyal Customers
13590,United Kingdom,12,6,1981.92,5,4,4,Champions
13246,United Kingdom,19,6,1987.3,4,4,4,Champions
17088,United Kingdom,29,4,1991.01,4,4,4,Champions
17679,United Kingdom,53,2,1992.11,3,2,4,Potential Loyalists
18204,United Kingdom,72,3,1993.7,3,3,4,Loyal Customers
17827,United Kingdom,6,5,1995.46,5,4,4,Champions
16698,United Kingdom,227,2,1998.0,1,2,4,Lost
13305,United Kingdom,5,10,2000.86,5,5,4,Champions
18188,United Kingdom,16,3,2001.04,4,3,4,Loyal Customers
15493,United Kingdom,33,5,2001.8,4,4,4,Champions
16754,United Kingdom,373,1,2002.4,1,1,4,Lost
17082,United Kingdom,34,2,2003.85,3,2,4,Potential Loyalists
14462,United Kingdom,67,11,2004.02,3,5,4,Loyal Customers
14217,United Kingdom,2,17,2004.98,5,5,4,Champions
14730,United Kingdom,2,8,2005.06,5,5,4,Champions
16098,United Kingdom,88,7,2005.63,2,5,4,At Risk
15372,United Kingdom,138,1,2007.4,2,1,4,Lost
15531,United Kingdom,9,2,2007.44,5,2,4,Potential Loyalists
14506,United Kingdom,18,5,2012.17,4,4,4,Champions
15341,United Kingdom,81,1,2020.52,2,1,4,Lost
14544,United Kingdom,25,2,2024.45,4,2,4,Potential Loyalists
16358,United Kingdom,2,4,2027.5,5,4,4,Champions
17337,United Kingdom,152,4,2027.87,2,4,4,At Risk
16409,United Kingdom,37,5,2028.88,3,4,4,Loyal Customers
13630,United Kingdom,6,7,2031.78,5,5,4,Champions
17846,United Kingdom,86,1,2033.1,2,1,4,Lost
18069,United Kingdom,27,5,2036.67,4,4,4,Champions
13593,United Kingdom,109,5,2037.08,2,4,4,At Risk
12585,Germany,235,2,2040.1,1,2,4,Lost
14001,United Kingdom,46,3,2043.08,3,3,4,Loyal Customers
13450,United Kingdom,27,6,2043.72,4,4,4,Champions
17090,United Kingdom,5,7,2043.95,5,5,4,Champions
17597,United Kingdom,214,1,2044.37,1,1,4,Lost
13495,United Kingdom,8,5,2044.87,5,4,4,Champions
17625,United Kingdom,19,4,2047.0,4,4,4,Champions
14232,United Kingdom,43,5,2048.07,3,4,4,Loyal Customers
17612,United Kingdom,54,6,2048.45,3,4,4,Loyal Customers
17086,United Kingdom,8,6,2050.08,5,4,4,Champions
16150,United Kingdom,43,5,2053.02,3,4,4,Loyal Customers
14188,United Kingdom,31,6,2054.36,4,4,4,Champions
17667,United Kingdom,67,5,2055.51,3,4,4,Loyal Customers
12518,Germany,1,5,2056.89,5,4,4,Champions
14409,United Kingdom,72,6,2059.45,3,4,4,Loyal Customers
16281,United Kingdom,73,1,2062.06,2,1,5,Lost
12928,United Kingdom,36,5,2062.7,3,4,5,Loyal Customers
12948,United Kingdom,17,7,2064.95,4,5,5,Champions
14482,United Kingdom,19,6,2068.15,4,4,5,Champions
18219,United Kingdom,3,10,2069.77,5,5,5,Champions
18241,United Kingdom,10,17,2073.09,5,5,5,Champions
14209,United Kingdom,11,6,2073.43,5,4,5,Champions
14696,United Kingdom,5,7,2078.95,5,5,5,Champions
18231,United Kingdom,193,5,2083.27,1,4,5,At Risk
16954,United Kingdom,1,9,2085.08,5,5,5,Champions
14810,United Kingdom,41,11,2087.88,3,5,5,Loyal Customers
18044,United Kingdom,5,10,2088.6,5,5,5,Champions
13297,United Kingdom,8,4,2089.85,5,4,5,Champions
13571,United Kingdom,13,12,2092.32,5,5,5,Champions
17490,United Kingdom,1,7,2092.32,5,5,5,Champions
14306,United Kingdom,52,2,2093.32,3,2,5,Potential Loyalists
18283,United Kingdom,4,16,2094.88,5,5,5,Champions
17191,United Kingdom,29,7,2095.13,4,5,5,Champions
16875,United Kingdom,68,5,2095.53,3,4,5,Loyal Customers
12610,Italy,23,5,2099.54,4,4,5,Champions
13126,United Kingdom,5,8,2099.64,5,5,5,Champions
15815,United Kingdom,64,5,2100.6,3,4,5,Loyal Customers
17861,United Kingdom,4,8,2100.8,5,5,5,Champions
14515,United Kingdom,18,6,2102.09,4,4,5,Champions
14461,United Kingdom,149,3,2103.06,2,3,5,At Risk
18093,United Kingdom,94,4,2106.52,2,4,5,At Risk
18173,United Kingdom,87,4,2106.84,2,4,5,At Risk
13265,United Kingdom,54,5,2107.66,3,4,5,Loyal Customers
14691,United Kingdom,31,5,2114.33,4,4,5,Champions
18008,United Kingdom,71,9,2116.19,3,5,5,Loyal Customers
18061,United Kingdom,22,10,2119.41,4,5,5,Champions
13632,United Kingdom,25,5,2121.27,4,4,5,Champions
15058,United Kingdom,26,11,2124.99,4,5,5,Champions
14640,United Kingdom,25,6,2125.08,4,4,5,Champions
16407,United Kingdom,13,10,2126.93,5,5,5,Champions
14360,United Kingdom,32,4,2128.23,4,4,5,Champions
13517,United Kingdom,60,3,2128.42,3,3,5,Loyal Customers
17400,United Kingdom,127,5,2129.96,2,4,5,At Risk
12560,Germany,6,3,2134.01,5,3,5,Loyal Customers
14828,United Kingdom,197,3,2139.76,1,3,5,At Risk
17272,United Kingdom,43,4,2148.63,3,4,5,Loyal Customers
16966,United Kingdom,9,7,2154.97,5,5,5,Champions
13224,United Kingdom,61,2,2155.95,3,2,5,Potential Loyalists
16379,United Kingdom,5,4,2157.4,5,4,5,Champions
14407,United Kingdom,108,6,2157.73,2,4,5,At Risk
16456,United Kingdom,100,5,2158.37,2,4,5,At Risk
12935,United Kingdom,3,7,2160.7,5,5,5,Champions
13755,United Kingdom,4,9,2161.35,5,5,5,Champions
12633,Germany,59,4,2163.98,3,4,5,Loyal Customers
12501,Germany,337,1,2169.39,1,1,5,Lost
12909,United Kingdom,40,5,2178.67,3,4,5,Loyal Customers
12856,United Kingdom,8,6,2179.93,5,4,5,Champions
14341,United Kingdom,46,8,2182.28,3,5,5,Loyal Customers
15394,United Kingdom,10,4,2183.54,5,4,5,Champions
16628,United Kingdom,30,5,2188.05,4,4,5,Champions
15123,United Kingdom,8,2,2199.31,5,2,5,Potential Loyalists
17406,United Kingdom,334,3,2200.42,1,3,5,At Risk
13831,United Kingdom,17,6,2202.99,4,4,5,Champions
15179,United Kingdom,19,5,2206.95,4,4,5,Champions
15797,United Kingdom,114,4,2207.4,2,4,5,At Risk
13862,United Kingdom,19,8,2209.36,4,5,5,Champions
12653,Israel,149,2,2209.85,2,2,5,Lost
12876,Belgium,58,2,2218.02,3,2,5,Potential Loyalists
15811,United Kingdom,23,6,2218.62,4,4,5,Champions
15722,United Kingdom,36,5,2222.56,3,4,5,Loyal Customers
13365,United Kingdom,34,2,2225.37,3,2,5,Potential Loyalists
12783,Portugal,3,6,2225.91,5,4,5,Champions
17591,United Kingdom,74,7,2225.97,2,5,5,At Risk
14825,United Kingdom,4,12,2226.91,5,5,5,Champions
14226,United Kingdom,29,5,2232.19,4,4,5,Champions
18242,United Kingdom,73,4,2232.49,2,4,5,At Risk
15834,United Kingdom,71,4,2233.75,3,4,5,Loyal Customers
16076,United Kingdom,4,10,2234.73,5,5,5,Champions
14700,United Kingdom,33,3,2235.3,3,3,5,Loyal Customers
14560,United Kingdom,8,22,2237.77,5,5,5,Champions
16743,United Kingdom,30,7,2238.09,4,5,5,Champions
14211,United Kingdom,54,9,2241.1,3,5,5,Loyal Customers
15665,United Kingdom,169,2,2242.01,2,2,5,Lost
16771,United Kingdom,34,5,2246.81,3,4,5,Loyal Customers
15235,United Kingdom,218,12,2247.51,1,5,5,At Risk
17442,United Kingdom,37,6,2248.56,3,4,5,Loyal Customers
16293,United Kingdom,22,10,2248.99,4,5,5,Champions
14432,United Kingdom,10,6,2255.51,5,4,5,Champions
16209,United Kingdom,89,5,2262.62,2,4,5,At Risk
16057,United Kingdom,17,7,2263.12,4,5,5,Champions
13700,United Kingdom,27,10,2265.12,4,5,5,Champions
14466,United Kingdom,30,7,2272.4,4,5,5,Champions
17768,United Kingdom,9,3,2273.18,5,3,5,Loyal Customers
13317,United Kingdom,67,6,2273.68,3,4,5,Loyal Customers
16782,United Kingdom,11,13,2279.9,5,5,5,Champions
12684,France,8,7,2283.63,5,5,5,Champions
17696,United Kingdom,39,8,2285.71,3,5,5,Loyal Customers
13527,United Kingdom,34,7,2287.51,3,5,5,Loyal Customers
12615,France,3,4,2291.19,5,4,5,Champions
15704,United Kingdom,141,4,2293.62,2,4,5,At Risk
13115,United Kingdom,12,4,2294.78,5,4,5,Champions
15105,United Kingdom,19,7,2298.93,4,5,5,Champions
16550,United Kingdom,109,5,2298.97,2,4,5,At Risk
16735,United Kingdom,79,5,2300.56,2,4,5,At Risk
15288,United Kingdom,44,5,2306.52,3,4,5,Loyal Customers
13704,United Kingdom,6,9,2308.06,5,5,5,Champions
13994,United Kingdom,4,6,2313.14,5,4,5,Champions
15365,United Kingdom,26,7,2314.32,4,5,5,Champions
14290,United Kingdom,12,5,2314.65,5,4,5,Champions
17211,United Kingdom,27,8,2317.22,4,5,5,Champions
17744,United Kingdom,4,6,2322.4,5,4,5,Champions
17313,United Kingdom,32,1,2328.84,4,1,5,Potential Loyalists
15785,United Kingdom,33,5,2328.97,4,4,5,Champions
12782,Portugal,5,5,2330.92,5,4,5,Champions
15281,United Kingdom,59,9,2332.15,3,5,5,Loyal Customers
17954,United Kingdom,6,12,2332.72,5,5,5,Champions
18257,United Kingdom,40,8,2337.63,3,5,5,Loyal Customers
12584,Italy,4,9,2338.15,5,5,5,Champions
18259,United Kingdom,25,3,2338.6,4,3,5,Loyal Customers
12704,Finland,8,8,2340.84,5,5,5,Champions
14309,United Kingdom,9,9,2352.53,5,5,5,Champions
15140,United Kingdom,53,7,2354.25,3,5,5,Loyal Customers
14440,United Kingdom,9,5,2357.68,5,4,5,Champions
14030,United Kingdom,19,8,2360.09,4,5,5,Champions
17634,United Kingdom,37,9,2361.97,3,5,5,Loyal Customers
12457,Switzerland,67,7,2363.23,3,5,5,Loyal Customers
15755,United Kingdom,11,6,2364.25,5,4,5,Champions
13908,United Kingdom,80,4,2369.55,2,4,5,At Risk
14930,Channel Islands,109,3,2372.86,2,3,5,At Risk
17434,United Kingdom,3,7,2373.82,5,5,5,Champions
13722,United Kingdom,132,3,2375.41,2,3,5,At Risk
15270,United Kingdom,16,7,2379.49,4,5,5,Champions
14239,United Kingdom,44,11,2380.85,3,5,5,Loyal Customers
14554,United Kingdom,11,4,2381.04,5,4,5,Champions
14493,United Kingdom,8,5,2383.24,5,4,5,Champions
17530,United Kingdom,2,10,2385.0,5,5,5,Champions
15370,United Kingdom,41,7,2386.05,3,5,5,Loyal Customers
13141,United Kingdom,85,5,2388.75,2,4,5,At Risk
18065,United Kingdom,6,14,2392.83,5,5,5,Champions
15980,United Kingdom,89,3,2398.86,2,3,5,At Risk
17589,United Kingdom,61,4,2404.17,3,4,5,Loyal Customers
12397,Belgium,36,2,2409.9,3,2,5,Potential Loyalists
15373,United Kingdom,9,12,2415.91,5,5,5,Champions
15089,United Kingdom,11,6,2420.84,5,4,5,Champions
17722,United Kingdom,97,4,2424.04,2,4,5,At Risk
16143,United Kingdom,4,6,2424.94,5,4,5,Champions
13949,United Kingdom,3,6,2427.32,5,4,5,Champions
17071,United Kingdom,29,9,2429.03,4,5,5,Champions
15527,United Kingdom,19,8,2429.78,4,5,5,Champions
14163,United Kingdom,88,4,2445.91,2,4,5,At Risk
15674,United Kingdom,74,5,2446.6,2,4,5,At Risk
13784,United Kingdom,10,11,2462.79,5,5,5,Champions
17131,United Kingdom,6,5,2463.17,5,4,5,Champions
15750,United Kingdom,3,8,2465.48,5,5,5,Champions
12455,Cyprus,74,6,2466.86,2,4,5,At Risk
17164,United Kingdom,33,7,2467.35,4,5,5,Champions
14502,United Kingdom,20,11,2470.67,4,5,5,Champions
14766,United Kingdom,9,6,2473.37,5,4,5,Champions
17188,United Kingdom,12,7,2474.23,5,5,5,Champions
17682,United Kingdom,11,6,2474.33,5,4,5,Champions
13588,United Kingdom,16,9,2478.95,4,5,5,Champions
13507,United Kingdom,4,4,2479.16,5,4,5,Champions
14315,United Kingdom,45,6,2481.13,3,4,5,Loyal Customers
16710,United Kingdom,20,10,2483.04,4,5,5,Champions
12913,United Kingdom,5,5,2483.63,5,4,5,Champions
12483,Sweden,18,8,2484.98,4,5,5,Champions
16477,United Kingdom,64,7,2494.46,3,5,5,Loyal Customers
15932,United Kingdom,5,8,2495.87,5,5,5,Champions
12517,Germany,29,5,2502.84,4,4,5,Champions
13695,United Kingdom,32,15,2504.13,4,5,5,Champions
12352,Norway,37,8,2506.04,3,5,5,Loyal Customers
15271,United Kingdom,8,15,2507.07,5,5,5,Champions
15245,United Kingdom,135,3,2515.84,2,3,5,At Risk
13394,United Kingdom,2,8,2520.02,5,5,5,Champions
17449,United Kingdom,3,7,2520.86,5,5,5,Champions
13975,United Kingdom,32,6,2526.28,4,4,5,Champions
17314,United Kingdom,25,8,2527.92,4,5,5,Champions
14659,United Kingdom,9,9,2529.93,5,5,5,Champions
13471,United Kingdom,2,4,2531.58,5,4,5,Champions
17700,United Kingdom,17,4,2534.64,4,4,5,Champions
14776,United Kingdom,52,11,2538.3,3,5,5,Loyal Customers
13344,United Kingdom,68,3,2543.72,3,3,5,Loyal Customers
14676,United Kingdom,32,6,2548.24,4,4,5,Champions
14701,United Kingdom,11,9,2549.37,5,5,5,Champions
14334,United Kingdom,17,8,2552.21,4,5,5,Champions
15572,United Kingdom,5,7,2552.86,5,5,5,Champions
16308,United Kingdom,38,4,2560.0,3,4,5,Loyal Customers
18245,United Kingdom,8,7,2567.06,5,5,5,Champions
15485,United Kingdom,31,3,2575.0,4,3,5,Loyal Customers
16912,United Kingdom,29,11,2575.38,4,5,5,Champions
14546,United Kingdom,6,5,2578.09,5,4,5,Champions
13911,United Kingdom,58,9,2580.91,3,5,5,Loyal Customers
15033,United Kingdom,5,10,2586.67,5,5,5,Champions
14243,United Kingdom,9,10,2588.77,5,5,5,Champions
13895,United Kingdom,29,4,2593.07,4,4,5,Champions
16919,United Kingdom,157,11,2596.45,2,5,5,At Risk
12600,Germany,29,10,2599.04,4,5,5,Champions
17317,United Kingdom,47,3,2600.34,3,3,5,Loyal Customers
13983,United Kingdom,30,12,2603.43,4,5,5,Champions
14408,United Kingdom,11,7,2606.53,5,5,5,Champions
13136,United Kingdom,57,5,2607.61,3,4,5,Loyal Customers
16241,United Kingdom,10,13,2607.87,5,5,5,Champions
12726,France,29,7,2609.1,4,5,5,Champions
18075,United Kingdom,24,10,2611.75,4,5,5,Champions
12836,United Kingdom,60,4,2612.86,3,4,5,Loyal Customers
14397,United Kingdom,3,19,2612.96,5,5,5,Champions
15782,United Kingdom,10,3,2614.74,5,3,5,Loyal Customers
13021,United Kingdom,5,9,2616.38,5,5,5,Champions
14262,United Kingdom,9,8,2618.23,5,5,5,Champions
16255,United Kingdom,17,8,2619.91,4,5,5,Champions
18210,United Kingdom,2,6,2621.38,5,4,5,Champions
17965,United Kingdom,38,14,2622.57,3,5,5,Loyal Customers
13644,United Kingdom,17,4,2624.26,4,4,5,Champions
13422,United Kingdom,65,1,2626.3,3,1,5,Potential Loyalists
18077,United Kingdom,9,11,2633.01,5,5,5,Champions
17402,United Kingdom,5,13,2633.85,5,5,5,Champions
12520,Germany,80,5,2634.26,2,4,5,At Risk
13771,United Kingdom,65,4,2634.45,3,4,5,Loyal Customers
13804,United Kingdom,31,7,2635.79,4,5,5,Champions
15752,United Kingdom,40,7,2637.38,3,5,5,Loyal Customers
17655,United Kingdom,11,7,2638.94,5,5,5,Champions
13658,United Kingdom,10,5,2639.17,5,4,5,Champions
18260,United Kingdom,173,6,2643.2,2,4,5,At Risk
16618,United Kingdom,32,5,2647.59,4,4,5,Champions
13851,United Kingdom,96,3,2651.46,2,3,5,At Risk
12721,France,32,6,2656.13,4,4,5,Champions
15671,United Kingdom,19,7,2657.13,4,5,5,Champions
14439,Greece,320,1,2661.24,1,1,5,Lost
12360,Austria,53,3,2662.06,3,3,5,Loyal Customers
14713,United Kingdom,10,11,2666.36,5,5,5,Champions
13883,United Kingdom,11,5,2674.48,5,4,5,Champions
17346,United Kingdom,4,15,2676.56,5,5,5,Champions
12625,Germany,212,2,2683.82,1,2,5,Lost
17386,United Kingdom,8,6,2686.42,5,4,5,Champions
18097,United Kingdom,8,6,2697.8,5,4,5,Champions
14732,United Kingdom,9,8,2702.49,5,5,5,Champions
14107,United Kingdom,52,7,2703.23,3,5,5,Loyal Customers
13654,United Kingdom,44,6,2707.33,3,4,5,Loyal Customers
13285,United Kingdom,24,4,2709.12,4,4,5,Champions
17069,United Kingdom,29,9,2709.7,4,5,5,Champions
15796,United Kingdom,2,8,2711.56,5,5,5,Champions
12708,Germany,30,10,2712.91,4,5,5,Champions
12380,Belgium,22,4,2724.81,4,4,5,Champions
12840,United Kingdom,144,4,2726.77,2,4,5,At Risk
16003,United Kingdom,30,5,2735.37,4,4,5,Champions
16938,United Kingdom,9,4,2736.38,5,4,5,Champions
15696,United Kingdom,34,8,2736.46,3,5,5,Loyal Customers
14125,United Kingdom,11,3,2740.43,5,3,5,Loyal Customers
14808,United Kingdom,40,8,2741.17,3,5,5,Loyal Customers
12669,France,151,3,2744.03,2,3,5,At Risk
15321,United Kingdom,71,3,2748.31,3,3,5,Loyal Customers
13971,United Kingdom,19,8,2758.26,4,5,5,Champions
14854,United Kingdom,79,7,2759.83,2,5,5,At Risk
15114,United Kingdom,31,10,2760.56,4,5,5,Champions
15356,United Kingdom,32,10,2766.5,4,5,5,Champions
13870,United Kingdom,3,8,2770.94,5,5,5,Champions
17838,United Kingdom,27,5,2779.3,4,4,5,Champions
14121,United Kingdom,4,4,2780.15,5,4,5,Champions
12388,Australia,16,6,2780.66,4,4,5,Champions
17213,United Kingdom,41,7,2781.23,3,5,5,Loyal Customers
14626,United Kingdom,24,4,2791.27,4,4,5,Champions
17739,United Kingdom,12,7,2791.35,5,5,5,Champions
12758,Portugal,117,2,2791.59,2,2,5,Lost
12578,Italy,22,2,2794.51,4,2,5,Potential Loyalists
13769,United Kingdom,3,10,2796.51,5,5,5,Champions
15993,United Kingdom,9,7,2797.57,5,5,5,Champions
16764,United Kingdom,4,13,2799.25,5,5,5,Champions
16081,United Kingdom,57,5,2806.9,3,4,5,Loyal Customers
13230,United Kingdom,5,14,2806.97,5,5,5,Champions
18230,United Kingdom,10,7,2810.2,5,5,5,Champions
14903,United Kingdom,22,5,2810.63,4,4,5,Champions
12356,Portugal,23,3,2811.43,4,3,5,Loyal Customers
16871,United Kingdom,23,6,2812.34,4,4,5,Champions
13174,United Kingdom,17,3,2817.03,4,3,5,Loyal Customers
14842,United Kingdom,44,4,2824.69,3,4,5,Loyal Customers
17596,United Kingdom,24,7,2827.93,4,5,5,Champions
14572,United Kingdom,4,7,2832.84,5,5,5,Champions
14852,United Kingdom,59,6,2836.69,3,4,5,Loyal Customers
15984,United Kingdom,3,10,2837.67,5,5,5,Champions
16928,United Kingdom,81,17,2847.6,2,5,5,At Risk
18145,United Kingdom,13,4,2861.55,5,4,5,Champions
12685,France,29,6,2863.08,4,4,5,Champions
14535,United Kingdom,61,3,2864.19,3,3,5,Loyal Customers
13901,United Kingdom,73,5,2867.2,2,4,5,At Risk
14711,United Kingdom,11,11,2868.8,5,5,5,Champions
15628,United Kingdom,5,9,2870.24,5,5,5,Champions
14005,United Kingdom,10,5,2874.72,5,4,5,Champions
17728,United Kingdom,4,3,2876.01,5,3,5,Loyal Customers
14251,United Kingdom,2,5,2879.7,5,4,5,Champions
15673,United Kingdom,89,4,2881.02,2,4,5,At Risk
16633,United Kingdom,18,6,2883.1,4,4,5,Champions
13735,United Kingdom,25,4,2885.24,4,4,5,Champions
12408,Belgium,33,5,2888.55,3,4,5,Loyal Customers
18144,United Kingdom,8,12,2888.75,5,5,5,Champions
17644,United Kingdom,2,11,2895.64,5,5,5,Champions
12438,Norway,15,2,2906.85,4,2,5,Potential Loyalists
14112,United Kingdom,23,7,2915.15,4,5,5,Champions
12906,United Kingdom,12,5,2919.81,5,4,5,Champions
15606,United Kingdom,62,9,2920.16,3,5,5,Loyal Customers
17512,United Kingdom,29,10,2924.99,4,5,5,Champions
14530,United Kingdom,26,6,2925.91,4,4,5,Champions
16316,United Kingdom,65,8,2938.91,3,5,5,Loyal Customers
17444,Canada,148,3,2940.04,2,3,5,At Risk
17084,United Kingdom,36,2,2949.75,3,2,5,Potential Loyalists
14868,United Kingdom,4,8,2953.59,5,5,5,Champions
17924,United Kingdom,12,7,2962.5,5,5,5,Champions
16497,United Kingdom,50,6,2965.69,3,4,5,Loyal Customers
15854,United Kingdom,5,12,2974.65,5,5,5,Champions
14032,United Kingdom,3,11,2975.59,5,5,5,Champions
13451,United Kingdom,27,5,2976.15,4,4,5,Champions
14639,United Kingdom,53,6,2984.49,3,4,5,Loyal Customers
15687,United Kingdom,9,9,2993.1,5,5,5,Champions
14307,United Kingdom,89,6,2995.72,2,4,5,At Risk
12670,France,11,5,2996.05,5,4,5,Champions
17504,United Kingdom,207,9,2997.03,1,5,5,At Risk
17659,United Kingdom,18,12,2999.46,4,5,5,Champions
15521,United Kingdom,41,8,3000.2,3,5,5,Loyal Customers
12916,United Kingdom,139,4,3006.15,2,4,5,At Risk
12754,Japan,236,3,3010.74,1,3,5,At Risk
18094,United Kingdom,82,7,3017.3,2,5,5,At Risk
12395,Belgium,20,12,3018.63,4,5,5,Champions
12598,France,10,8,3023.08,5,5,5,Champions
16709,United Kingdom,85,5,3029.87,2,4,5,At Risk
16393,United Kingdom,3,13,3046.21,5,5,5,Champions
16940,United Kingdom,53,3,3049.88,3,3,5,Loyal Customers
17799,United Kingdom,23,10,3055.93,4,5,5,Champions
14456,United Kingdom,6,9,3062.4,5,5,5,Champions
16686,United Kingdom,48,7,3062.83,3,5,5,Loyal Customers
13631,United Kingdom,100,11,3070.42,2,5,5,At Risk
12910,United Kingdom,24,8,3075.04,4,5,5,Champions
18272,United Kingdom,3,6,3078.58,5,4,5,Champions
16218,United Kingdom,30,7,3084.68,4,5,5,Champions
15998,United Kingdom,37,5,3089.97,3,4,5,Loyal Customers
13362,United Kingdom,10,4,3090.74,5,4,5,Champions
17059,United Kingdom,30,5,3095.04,4,4,5,Champions
13135,United Kingdom,197,1,3096.0,1,1,5,Lost
14565,United Kingdom,96,4,3099.12,2,4,5,At Risk
14257,United Kingdom,65,5,3099.72,3,4,5,Loyal Customers
15491,United Kingdom,96,6,3100.09,2,4,5,At Risk
16905,United Kingdom,6,7,3102.43,5,5,5,Champions
14099,United Kingdom,17,11,3104.17,4,5,5,Champions
13869,United Kingdom,124,4,3104.95,2,4,5,At Risk
16678,United Kingdom,3,12,3109.99,5,5,5,Champions
16326,United Kingdom,6,14,3110.96,5,5,5,Champions
13685,United Kingdom,3,7,3119.44,5,5,5,Champions
16156,United Kingdom,9,9,3122.04,5,5,5,Champions
13742,United Kingdom,17,12,3131.02,4,5,5,Champions
14235,United Kingdom,76,5,3144.86,2,4,5,At Risk
15065,United Kingdom,38,4,3158.13,3,4,5,Loyal Customers
17863,United Kingdom,60,6,3160.0,3,4,5,Loyal Customers
15861,United Kingdom,13,8,3165.36,5,5,5,Champions
16041,United Kingdom,31,3,3166.4,4,3,5,Loyal Customers
16837,United Kingdom,32,11,3170.98,4,5,5,Champions
17231,United Kingdom,13,10,3174.32,5,5,5,Champions
17672,United Kingdom,51,2,3178.17,3,2,5,Potential Loyalists
12456,Switzerland,45,3,3181.04,3,3,5,Loyal Customers
14844,United Kingdom,64,4,3189.81,3,4,5,Loyal Customers
13758,United Kingdom,12,7,3190.55,5,5,5,Champions
17685,United Kingdom,17,7,3191.53,4,5,5,Champions
13868,United Kingdom,8,2,3192.54,5,2,5,Potential Loyalists
17220,United Kingdom,25,14,3198.25,4,5,5,Champions
16107,United Kingdom,18,7,3204.16,4,5,5,Champions
14388,United Kingdom,11,8,3212.84,5,5,5,Champions
13268,United Kingdom,18,11,3214.69,4,5,5,Champions
13880,United Kingdom,22,13,3219.77,4,5,5,Champions
14175,United Kingdom,60,3,3222.3,3,3,5,Loyal Customers
17050,United Kingdom,97,6,3228.84,2,4,5,At Risk
15443,United Kingdom,2,7,3236.91,5,5,5,Champions
13047,United Kingdom,32,10,3237.54,4,5,5,Champions
13952,United Kingdom,218,2,3251.07,1,2,5,Lost
17723,United Kingdom,128,6,3276.4,2,4,5,At Risk
15764,United Kingdom,89,6,3279.97,2,4,5,At Risk
12480,Germany,29,4,3281.63,4,4,5,Champions
15632,United Kingdom,16,8,3285.31,4,5,5,Champions
14702,United Kingdom,2,17,3292.14,5,5,5,Champions
14841,United Kingdom,54,6,3295.76,3,4,5,Loyal Customers
13373,United Kingdom,61,3,3312.25,3,3,5,Loyal Customers
16556,United Kingdom,67,7,3313.79,3,5,5,Loyal Customers
12594,Italy,38,10,3338.22,3,5,5,Loyal Customers
12613,Germany,58,5,3344.38,3,4,5,Loyal Customers
12643,France,129,6,3344.64,2,4,5,At Risk
13015,United Kingdom,54,5,3346.28,3,4,5,Loyal Customers
17183,United Kingdom,8,6,3347.31,5,4,5,Champions
16607,United Kingdom,18,14,3347.71,4,5,5,Champions
16818,United Kingdom,11,11,3349.57,5,5,5,Champions
14227,United Kingdom,27,10,3350.96,4,5,5,Champions
16011,United Kingdom,9,16,3362.71,5,5,5,Champions
15708,United Kingdom,41,7,3364.24,3,5,5,Loyal Customers
13842,United Kingdom,59,9,3385.62,3,5,5,Loyal Customers
15228,United Kingdom,67,4,3386.71,3,4,5,Loyal Customers
13198,United Kingdom,11,6,3401.24,5,4,5,Champions
17669,United Kingdom,43,7,3406.72,3,5,5,Loyal Customers
13437,United Kingdom,15,7,3408.06,4,5,5,Champions
15981,United Kingdom,25,8,3408.48,4,5,5,Champions
12406,Denmark,23,2,3415.3,4,2,5,Potential Loyalists
14221,United Kingdom,43,9,3432.8,3,5,5,Loyal Customers
15676,United Kingdom,19,3,3435.76,4,3,5,Loyal Customers
17725,United Kingdom,17,11,3439.08,4,5,5,Champions
15974,United Kingdom,40,7,3442.15,3,5,5,Loyal Customers
15129,United Kingdom,51,11,3447.4,3,5,5,Loyal Customers
13536,United Kingdom,2,7,3448.29,5,5,5,Champions
15410,United Kingdom,85,8,3450.84,2,5,5,At Risk
17758,United Kingdom,20,8,3456.7,4,5,5,Champions
13014,United Kingdom,11,10,3466.28,5,5,5,Champions
13993,United Kingdom,43,9,3466.36,3,5,5,Loyal Customers
16458,United Kingdom,3,18,3482.74,5,5,5,Champions
14907,United Kingdom,4,7,3501.1,5,5,5,Champions
16131,United Kingdom,52,6,3506.54,3,4,5,Loyal Customers
14395,United Kingdom,3,9,3507.71,5,5,5,Champions
16360,United Kingdom,5,6,3512.53,5,4,5,Champions
13953,United Kingdom,8,7,3515.68,5,5,5,Champions
17160,United Kingdom,32,6,3518.03,4,4,5,Champions
12454,Spain,57,1,3528.34,3,1,5,Potential Loyalists
13334,United Kingdom,83,3,3536.82,2,3,5,At Risk
13448,United Kingdom,17,6,3539.37,4,4,5,Champions
14503,United Kingdom,4,6,3543.26,5,4,5,Champions
12370,Cyprus,52,4,3545.69,3,4,5,Loyal Customers
15544,United Kingdom,10,9,3546.71,5,5,5,Champions
17491,United Kingdom,2,10,3558.87,5,5,5,Champions
17203,United Kingdom,36,6,3563.85,3,4,5,Loyal Customers
14132,United Kingdom,3,11,3586.03,5,5,5,Champions
15484,United Kingdom,2,4,3594.31,5,4,5,Champions
16242,United Kingdom,9,7,3603.21,5,5,5,Champions
15113,United Kingdom,10,3,3609.33,5,3,5,Loyal Customers
15505,United Kingdom,53,5,3610.96,3,4,5,Loyal Customers
13082,United Kingdom,127,9,3613.63,2,5,5,At Risk
14040,United Kingdom,41,12,3614.92,3,5,5,Loyal Customers
17576,United Kingdom,9,19,3622.68,5,5,5,Champions
13520,Switzerland,59,6,3624.35,3,4,5,Loyal Customers
13327,United Kingdom,39,8,3627.77,3,5,5,Loyal Customers
17528,United Kingdom,2,8,3628.5,5,5,5,Champions
14543,United Kingdom,29,16,3630.33,4,5,5,Champions
17230,United Kingdom,265,8,3638.41,1,5,5,At Risk
13381,United Kingdom,32,6,3639.31,4,4,5,Champions
16440,United Kingdom,8,5,3640.67,5,4,5,Champions
12619,Germany,17,9,3641.24,4,5,5,Champions
13426,United Kingdom,1,10,3641.32,5,5,5,Champions
16712,United Kingdom,10,11,3645.43,5,5,5,Champions
12417,Belgium,4,9,3649.1,5,5,5,Champions
13137,United Kingdom,11,8,3650.41,5,5,5,Champions
18079,United Kingdom,46,4,3651.97,3,4,5,Loyal Customers
15296,United Kingdom,51,6,3672.86,3,4,5,Loyal Customers
15581,United Kingdom,121,13,3679.97,2,5,5,At Risk
16253,United Kingdom,67,2,3683.86,3,2,5,Potential Loyalists
12553,France,9,10,3692.28,5,5,5,Champions
15379,United Kingdom,170,7,3703.29,2,5,5,At Risk
17819,United Kingdom,72,7,3704.87,3,5,5,Loyal Customers
13148,United Kingdom,30,12,3707.12,4,5,5,Champions
15622,United Kingdom,44,9,3709.56,3,5,5,Loyal Customers
15845,United Kingdom,18,8,3711.77,4,5,5,Champions
14364,United Kingdom,109,8,3717.35,2,5,5,At Risk
16240,United Kingdom,25,2,3718.8,4,2,5,Potential Loyalists
13680,United Kingdom,2,4,3722.42,5,4,5,Champions
12647,Germany,23,12,3722.82,4,5,5,Champions
12502,Spain,96,5,3723.87,2,4,5,At Risk
14282,United Kingdom,4,15,3729.34,5,5,5,Champions
15808,United Kingdom,307,4,3734.97,1,4,5,At Risk
16570,United Kingdom,16,10,3738.4,4,5,5,Champions
13552,United Kingdom,67,12,3740.07,3,5,5,Loyal Customers
14145,United Kingdom,47,4,3742.2,3,4,5,Loyal Customers
17238,United Kingdom,3,17,3744.65,5,5,5,Champions
12429,Denmark,10,4,3750.4,5,4,5,Champions
16904,United Kingdom,5,16,3754.27,5,5,5,Champions
17173,United Kingdom,6,8,3766.6,5,5,5,Champions
12562,France,9,7,3781.74,5,5,5,Champions
16019,United Kingdom,47,9,3786.24,3,5,5,Loyal Customers
16168,United Kingdom,11,27,3787.6,5,5,5,Champions
16655,United Kingdom,18,6,3794.52,4,4,5,Champions
16145,United Kingdom,9,11,3799.49,5,5,5,Champions
12668,Germany,12,4,3807.15,5,4,5,Champions
13435,United Kingdom,6,7,3809.89,5,5,5,Champions
12597,Spain,20,4,3811.22,4,4,5,Champions
12755,Japan,281,2,3811.95,1,2,5,Lost
15867,United Kingdom,6,15,3812.64,5,5,5,Champions
17091,United Kingdom,3,9,3827.76,5,5,5,Champions
13266,United Kingdom,12,12,3834.26,5,5,5,Champions
16327,United Kingdom,15,6,3844.22,4,4,5,Champions
12662,Germany,1,11,3849.78,5,5,5,Champions
16717,United Kingdom,24,6,3858.38,4,4,5,Champions
15195,United Kingdom,3,1,3861.0,5,1,5,Potential Loyalists
13124,United Kingdom,90,3,3866.33,2,3,5,At Risk
18073,United Kingdom,115,12,3877.52,2,5,5,At Risk
14291,United Kingdom,2,11,3883.25,5,5,5,Champions
13999,United Kingdom,11,12,3901.81,5,5,5,Champions
14739,United Kingdom,5,7,3902.28,5,5,5,Champions
17593,United Kingdom,4,5,3927.34,5,4,5,Champions
12473,Germany,30,5,3938.55,4,4,5,Champions
17651,United Kingdom,12,10,3945.0,5,5,5,Champions
13183,United Kingdom,8,9,3957.78,5,5,5,Champions
13523,United Kingdom,34,5,3964.88,3,4,5,Loyal Customers
14299,United Kingdom,9,9,3965.62,5,5,5,Champions
12727,France,11,7,3980.7,5,5,5,Champions
12779,Poland,38,8,3981.36,3,5,5,Loyal Customers
17611,United Kingdom,8,15,3984.22,5,5,5,Champions
15416,United Kingdom,65,4,3984.32,3,4,5,Loyal Customers
17001,United Kingdom,1,11,3989.57,5,5,5,Champions
15529,United Kingdom,23,11,3995.23,4,5,5,Champions
17769,United Kingdom,13,10,3997.98,5,5,5,Champions
16186,United Kingdom,23,12,4006.94,4,5,5,Champions
14547,United Kingdom,4,8,4007.54,5,5,5,Champions
12378,Switzerland,130,1,4008.62,2,1,5,Lost
12957,United Kingdom,10,8,4017.54,5,5,5,Champions
12841,United Kingdom,5,25,4022.35,5,5,5,Champions
13815,Germany,23,4,4027.36,4,4,5,Champions
12867,United Kingdom,27,7,4036.82,4,5,5,Champions
12656,France,18,5,4051.17,4,4,5,Champions
14401,United Kingdom,5,13,4051.48,5,5,5,Champions
18087,United Kingdom,99,2,4055.72,2,2,5,Lost
12449,Belgium,23,4,4067.29,4,4,5,Champions
14092,United Kingdom,8,14,4076.91,5,5,5,Champions
12749,United Kingdom,4,5,4090.88,5,4,5,Champions
16670,United Kingdom,17,11,4095.9,4,5,5,Champions
16401,United Kingdom,2,12,4098.32,5,5,5,Champions
17377,United Kingdom,24,20,4100.92,4,5,5,Champions
17940,United Kingdom,50,10,4106.44,3,5,5,Loyal Customers
16592,United Kingdom,5,16,4113.68,5,5,5,Champions
12569,Germany,3,32,4124.69,5,5,5,Champions
15514,United Kingdom,13,11,4139.46,5,5,5,Champions
13988,United Kingdom,20,6,4147.96,4,4,5,Champions
13555,United Kingdom,74,4,4149.28,2,4,5,At Risk
13384,United Kingdom,31,7,4151.93,4,5,5,Champions
16549,United Kingdom,11,10,4154.64,5,5,5,Champions
15570,United Kingdom,8,12,4165.52,5,5,5,Champions
12949,United Kingdom,31,8,4167.22,4,5,5,Champions
18041,United Kingdom,12,21,4183.39,5,5,5,Champions
14146,United Kingdom,9,5,4191.0,5,4,5,Champions
12747,United Kingdom,3,11,4196.01,5,5,5,Champions
15971,United Kingdom,18,12,4199.85,4,5,5,Champions
17920,United Kingdom,5,17,4204.1,5,5,5,Champions
15804,United Kingdom,1,13,4206.39,5,5,5,Champions
14277,France,16,3,4216.2,4,3,5,Loyal Customers
17419,United Kingdom,12,12,4226.57,5,5,5,Champions
12500,Germany,24,11,4257.82,4,5,5,Champions
14422,United Kingdom,1,6,4263.64,5,4,5,Champions
17937,United Kingdom,9,7,4301.22,5,5,5,Champions
15034,United Kingdom,16,8,4308.61,4,5,5,Champions
12347,Iceland,3,7,4310.0,5,5,5,Champions
18251,United Kingdom,88,1,4314.72,2,1,5,Lost
17567,United Kingdom,8,8,4331.48,5,5,5,Champions
14525,United Kingdom,20,9,4332.2,4,5,5,Champions
14800,United Kingdom,48,12,4339.74,3,5,5,Loyal Customers
14016,EIRE,162,4,4341.21,2,4,5,At Risk
16945,United Kingdom,22,19,4345.5,4,5,5,Champions
12752,Norway,82,1,4366.78,2,1,5,Lost
13505,Switzerland,73,4,4393.63,2,4,5,At Risk
12712,Germany,29,13,4396.13,4,5,5,Champions
15874,United Kingdom,64,7,4405.88,3,5,5,Loyal Customers
16626,United Kingdom,1,17,4413.1,5,5,5,Champions
15955,United Kingdom,25,14,4416.26,4,5,5,Champions
13069,United Kingdom,1,24,4436.12,5,5,5,Champions
14534,United Kingdom,3,18,4447.05,5,5,5,Champions
14085,United Kingdom,3,18,4448.54,5,5,5,Champions
12627,Germany,11,7,4478.53,5,5,5,Champions
17364,United Kingdom,1,11,4481.18,5,5,5,Champions
16984,United Kingdom,89,2,4481.35,2,2,5,Lost
14426,United Kingdom,24,10,4481.67,4,5,5,Champions
12524,Germany,10,8,4485.72,5,5,5,Champions
17975,United Kingdom,16,13,4488.81,4,5,5,Champions
15299,United Kingdom,68,7,4507.01,3,5,5,Loyal Customers
13267,United Kingdom,3,19,4521.49,5,5,5,Champions
12484,Spain,33,6,4541.72,3,4,5,Loyal Customers
17068,United Kingdom,13,21,4552.14,5,5,5,Champions
17613,United Kingdom,23,14,4559.15,4,5,5,Champions
14004,United Kingdom,44,7,4582.64,3,5,5,Loyal Customers
15093,United Kingdom,19,6,4597.02,4,4,5,Champions
13802,United Kingdom,139,3,4599.42,2,3,5,At Risk
16931,United Kingdom,6,21,4604.22,5,5,5,Champions
14286,United Kingdom,24,3,4628.75,4,3,5,Loyal Customers
14390,United Kingdom,11,9,4652.82,5,5,5,Champions
14189,United Kingdom,3,15,4654.08,5,5,5,Champions
15291,United Kingdom,26,15,4668.3,4,5,5,Champions
14191,United Kingdom,2,13,4684.76,5,5,5,Champions
14135,United Kingdom,2,15,4690.31,5,5,5,Champions
14159,United Kingdom,20,11,4693.01,4,5,5,Champions
12714,France,10,5,4708.86,5,4,5,Champions
16722,United Kingdom,18,13,4730.81,4,5,5,Champions
15152,United Kingdom,10,13,4745.69,5,5,5,Champions
14180,United Kingdom,11,25,4748.52,5,5,5,Champions
12955,United Kingdom,2,11,4757.16,5,5,5,Champions
17690,United Kingdom,31,15,4757.95,4,5,5,Champions
15187,United Kingdom,2,16,4777.18,5,5,5,Champions
15298,United Kingdom,3,12,4799.9,5,5,5,Champions
17365,United Kingdom,13,8,4801.56,5,5,5,Champions
15555,United Kingdom,13,16,4805.17,5,5,5,Champions
13013,United Kingdom,2,13,4810.94,5,5,5,Champions
15738,United Kingdom,19,16,4812.42,4,5,5,Champions
17652,United Kingdom,26,12,4867.72,4,5,5,Champions
14292,United Kingdom,8,9,4871.93,5,5,5,Champions
12688,Israel,114,1,4873.81,2,1,5,Lost
12664,Finland,9,9,4881.88,5,5,5,Champions
17133,United Kingdom,16,7,4892.24,4,5,5,Champions
14709,United Kingdom,16,13,4921.04,4,5,5,Champions
15786,United Kingdom,47,3,4932.2,3,3,5,Loyal Customers
12700,France,8,4,4939.99,5,4,5,Champions
12437,France,2,18,4951.41,5,5,5,Champions
15547,United Kingdom,8,14,4954.84,5,5,5,Champions
15032,United Kingdom,257,3,4959.1,1,3,5,At Risk
12444,Norway,22,5,5005.46,4,4,5,Champions
14755,United Kingdom,10,11,5010.28,5,5,5,Champions
14329,United Kingdom,18,7,5014.84,4,5,5,Champions
17426,United Kingdom,9,6,5037.26,5,4,5,Champions
15719,United Kingdom,33,13,5045.61,4,5,5,Champions
12432,Norway,43,5,5059.32,3,4,5,Loyal Customers
13139,United Kingdom,17,7,5064.94,4,5,5,Champions
15301,United Kingdom,51,12,5070.35,3,5,5,Loyal Customers
14562,United Kingdom,4,18,5074.77,5,5,5,Champions
16700,United Kingdom,9,13,5076.55,5,5,5,Champions
17602,United Kingdom,3,6,5102.97,5,4,5,Champions
13941,United Kingdom,22,5,5112.96,4,4,5,Champions
15903,United Kingdom,10,7,5126.76,5,5,5,Champions
13599,United Kingdom,2,21,5153.67,5,5,5,Champions
17858,United Kingdom,6,12,5155.66,5,5,5,Champions
15727,United Kingdom,17,7,5178.96,4,5,5,Champions
16191,United Kingdom,3,13,5180.52,5,5,5,Champions
13756,United Kingdom,3,14,5189.52,5,5,5,Champions
16258,United Kingdom,46,5,5203.51,3,4,5,Loyal Customers
15046,United Kingdom,10,15,5213.77,5,5,5,Champions
12362,Belgium,4,10,5226.23,5,5,5,Champions
18226,United Kingdom,45,11,5228.05,3,5,5,Loyal Customers
17061,United Kingdom,74,11,5232.23,2,5,5,At Risk
17730,United Kingdom,4,13,5298.48,5,5,5,Champions
15150,United Kingdom,18,10,5314.47,4,5,5,Champions
13269,United Kingdom,2,15,5346.23,5,5,5,Champions
16303,United Kingdom,26,3,5360.63,4,3,5,Loyal Customers
17850,United Kingdom,373,34,5391.21,1,5,5,At Risk
17719,United Kingdom,38,15,5396.04,3,5,5,Loyal Customers
16701,United Kingdom,9,13,5398.3,5,5,5,Champions
17809,United Kingdom,17,12,5411.91,4,5,5,Champions
12490,France,6,10,5417.93,5,5,5,Champions
18198,United Kingdom,5,17,5425.56,5,5,5,Champions
16265,United Kingdom,10,9,5447.0,5,5,5,Champions
16985,United Kingdom,18,10,5464.12,4,5,5,Champions
16609,United Kingdom,16,7,5493.46,4,5,5,Champions
18225,United Kingdom,4,12,5509.12,5,5,5,Champions
15805,United Kingdom,24,17,5528.48,4,5,5,Champions
12539,Spain,23,4,5568.35,4,4,5,Champions
16161,United Kingdom,2,19,5575.56,5,5,5,Champions
16767,United Kingdom,31,11,5580.6,4,5,5,Champions
12839,United Kingdom,3,14,5591.42,5,5,5,Champions
12481,Germany,23,10,5596.32,4,5,5,Champions
17757,United Kingdom,2,30,5605.29,5,5,5,Champions
14688,United Kingdom,8,21,5630.87,5,5,5,Champions
18118,United Kingdom,11,26,5653.82,5,5,5,Champions
13004,United Kingdom,12,18,5655.91,5,5,5,Champions
17716,United Kingdom,23,11,5655.99,4,5,5,Champions
17049,United Kingdom,3,9,5659.98,5,5,5,Champions
14049,United Kingdom,17,4,5681.72,4,4,5,Champions
14110,United Kingdom,4,12,5683.15,5,5,5,Champions
13468,United Kingdom,2,37,5704.97,5,5,5,Champions
16553,United Kingdom,164,12,5719.82,2,5,5,At Risk
13178,United Kingdom,27,11,5725.47,4,5,5,Champions
17686,United Kingdom,8,7,5739.46,5,5,5,Champions
15218,United Kingdom,11,11,5756.89,5,5,5,Champions
12720,Germany,3,25,5781.73,5,5,5,Champions
13050,United Kingdom,15,17,5836.86,4,5,5,Champions
13534,United Kingdom,3,25,5870.08,5,5,5,Champions
13209,United Kingdom,31,8,5891.61,4,5,5,Champions
14944,United Kingdom,30,12,5900.25,4,5,5,Champions
14415,United Kingdom,2,13,5900.28,5,5,5,Champions
14505,United Kingdom,18,8,5905.64,4,5,5,Champions
15382,United Kingdom,15,6,5955.71,4,4,5,Champions
14101,United Kingdom,74,6,5976.79,2,4,5,At Risk
13316,United Kingdom,38,4,5977.73,3,4,5,Loyal Customers
13097,United Kingdom,33,10,6010.42,3,5,5,Loyal Customers
12637,France,68,8,6021.9,3,5,5,Loyal Customers
14735,United Kingdom,4,32,6065.69,5,5,5,Champions
15939,United Kingdom,90,15,6115.01,2,5,5,At Risk
17509,United Kingdom,58,8,6115.14,3,5,5,Loyal Customers
13418,United Kingdom,12,18,6127.43,5,5,5,Champions
14060,United Kingdom,5,19,6140.42,5,5,5,Champions
12357,Switzerland,34,1,6207.67,3,1,5,Potential Loyalists
14057,United Kingdom,24,17,6217.96,4,5,5,Champions
16126,United Kingdom,30,4,6287.77,4,4,5,Champions
17315,United Kingdom,2,38,6292.26,5,5,5,Champions
15005,United Kingdom,16,28,6316.57,4,5,5,Champions
13709,United Kingdom,4,13,6328.05,5,5,5,Champions
13668,United Kingdom,3,21,6363.59,5,5,5,Champions
12359,Cyprus,58,4,6372.58,3,4,5,Loyal Customers
13871,United Kingdom,23,13,6403.25,4,5,5,Champions
13102,United Kingdom,2,24,6424.09,5,5,5,Champions
13225,United Kingdom,4,7,6463.84,5,5,5,Champions
15694,United Kingdom,1,14,6479.4,5,5,5,Champions
18223,United Kingdom,5,14,6484.54,5,5,5,Champions
12431,Australia,36,15,6487.45,3,5,5,Loyal Customers
16814,United Kingdom,15,21,6509.1,4,5,5,Champions
12472,Germany,33,7,6572.11,3,5,5,Loyal Customers
15144,United Kingdom,9,17,6580.44,5,5,5,Champions
16182,United Kingdom,73,4,6617.65,2,4,5,At Risk
12626,Germany,24,9,6620.48,4,5,5,Champions
17338,United Kingdom,18,8,6643.93,4,5,5,Champions
16353,United Kingdom,4,23,6675.71,5,5,5,Champions
15249,United Kingdom,32,13,6688.46,4,5,5,Champions
16746,United Kingdom,5,18,6697.66,5,5,5,Champions
13576,United Kingdom,11,18,6717.34,5,5,5,Champions
16532,United Kingdom,18,3,6748.8,4,3,5,Loyal Customers
16652,United Kingdom,59,7,6773.97,3,5,5,Loyal Customers
15601,United Kingdom,12,14,6776.56,5,5,5,Champions
18055,United Kingdom,8,10,6784.19,5,5,5,Champions
15023,United Kingdom,4,11,6802.76,5,5,5,Champions
12830,United Kingdom,38,6,6814.64,3,4,5,Loyal Customers
12476,Germany,16,11,6816.42,4,5,5,Champions
12705,Germany,16,9,6868.29,4,5,5,Champions
17416,United Kingdom,30,7,6893.42,4,5,5,Champions
16187,United Kingdom,32,15,6911.44,4,5,5,Champions
13027,United Kingdom,114,6,6912.0,2,4,5,At Risk
16713,United Kingdom,19,15,6923.13,4,5,5,Champions
12989,United Kingdom,4,15,6924.11,5,5,5,Champions
12798,Japan,11,3,6977.04,5,3,5,Loyal Customers
12766,Portugal,4,7,6989.63,5,5,5,Champions
14961,United Kingdom,11,9,7044.68,5,5,5,Champions
13985,United Kingdom,5,15,7060.13,5,5,5,Champions
13324,United Kingdom,37,10,7121.95,3,5,5,Loyal Customers
16873,United Kingdom,5,6,7123.62,5,4,5,Champions
16745,United Kingdom,87,17,7194.3,2,5,5,At Risk
16729,United Kingdom,39,21,7239.92,3,5,5,Loyal Customers
16923,United Kingdom,13,19,7247.61,5,5,5,Champions
18229,United Kingdom,12,20,7276.9,5,5,5,Champions
13018,United Kingdom,17,28,7277.7,4,5,5,Champions
12583,France,3,15,7281.38,5,5,5,Champions
17396,United Kingdom,40,8,7330.8,3,5,5,Loyal Customers
15465,United Kingdom,20,18,7354.62,4,5,5,Champions
12980,United Kingdom,158,9,7374.9,2,5,5,At Risk
12474,Germany,18,18,7375.79,4,5,5,Champions
13263,United Kingdom,2,35,7454.07,5,5,5,Champions
18172,United Kingdom,15,20,7561.68,4,5,5,Champions
15194,United Kingdom,4,15,7616.53,5,5,5,Champions
15044,United Kingdom,20,17,7700.23,4,5,5,Champions
13629,United Kingdom,24,11,7792.36,4,5,5,Champions
12435,Denmark,80,2,7829.89,2,2,5,Lost
13093,United Kingdom,276,8,7832.47,1,5,5,At Risk
17811,United Kingdom,5,39,7837.73,5,5,5,Champions
12757,Portugal,16,13,7857.1,4,5,5,Champions
14849,United Kingdom,22,25,7930.54,4,5,5,Champions
15290,United Kingdom,5,18,7943.22,5,5,5,Champions
12428,Finland,26,9,7956.46,4,5,5,Champions
14796,United Kingdom,2,17,8022.49,5,5,5,Champions
18109,United Kingdom,2,26,8052.97,5,5,5,Champions
14952,United Kingdom,60,11,8099.49,3,5,5,Loyal Customers
13854,United Kingdom,9,25,8109.52,5,5,5,Champions
16672,United Kingdom,3,20,8134.94,5,5,5,Champions
14936,Channel Islands,34,8,8137.02,3,5,5,Loyal Customers
14056,United Kingdom,2,23,8214.65,5,5,5,Champions
16558,United Kingdom,1,20,8338.49,5,5,5,Champions
15358,United Kingdom,5,22,8347.2,5,5,5,Champions
18139,United Kingdom,18,6,8438.34,4,4,5,Champions
12683,France,5,15,8476.57,5,5,5,Champions
14527,United Kingdom,3,55,8508.82,5,5,5,Champions
16656,United Kingdom,23,15,8625.8,4,5,5,Champions
17306,United Kingdom,11,19,8631.31,5,5,5,Champions
17243,United Kingdom,2,26,8676.85,5,5,5,Champions
17017,United Kingdom,3,20,8694.26,5,5,5,Champions
16033,United Kingdom,6,20,8816.4,5,5,5,Champions
13090,United Kingdom,9,14,8910.82,5,5,5,Champions
13488,United Kingdom,18,13,8968.31,4,5,5,Champions
12451,Switzerland,11,5,9035.52,5,4,5,Champions
13969,United Kingdom,8,18,9053.94,5,5,5,Champions
18092,United Kingdom,3,11,9068.26,5,5,5,Champions
14667,United Kingdom,11,25,9241.2,5,5,5,Champions
14367,United Kingdom,9,16,9261.52,5,5,5,Champions
12567,France,23,10,9401.28,4,5,5,Champions
16523,United Kingdom,2,21,9418.47,5,5,5,Champions
14733,United Kingdom,17,12,9585.91,4,5,5,Champions
13458,United Kingdom,8,14,9646.57,5,5,5,Champions
12709,Germany,16,15,9736.52,4,5,5,Champions
15078,United Kingdom,8,32,9743.11,5,5,5,Champions
13199,United Kingdom,4,38,9817.12,5,5,5,Champions
13001,United Kingdom,5,13,9818.82,5,5,5,Champions
12590,Germany,212,2,9864.26,1,2,5,Lost
16843,United Kingdom,43,16,10196.57,3,5,5,Loyal Customers
16180,United Kingdom,101,8,10254.18,2,5,5,At Risk
15502,United Kingdom,16,12,10384.93,4,5,5,Champions
15615,United Kingdom,11,23,10399.74,5,5,5,Champions
14062,United Kingdom,10,12,10464.85,5,5,5,Champions
15251,United Kingdom,10,11,10484.99,5,5,5,Champions
17706,United Kingdom,5,17,10504.49,5,5,5,Champions
17865,United Kingdom,31,20,10526.32,4,5,5,Champions
16779,United Kingdom,3,22,10629.72,5,5,5,Champions
17139,United Kingdom,16,12,10668.47,4,5,5,Champions
14769,United Kingdom,3,8,10674.75,5,5,5,Champions
13340,United Kingdom,46,7,10736.48,3,5,5,Loyal Customers
17107,United Kingdom,34,6,10815.43,3,4,5,Loyal Customers
13319,United Kingdom,6,26,10845.55,5,5,5,Champions
17581,United Kingdom,1,25,11045.04,5,5,5,Champions
15482,United Kingdom,16,12,11054.96,4,5,5,Champions
12409,Switzerland,79,3,11072.67,2,3,5,At Risk
14895,United Kingdom,8,20,11138.71,5,5,5,Champions
12971,United Kingdom,4,86,11189.91,5,5,5,Champions
14194,United Kingdom,5,21,11349.52,5,5,5,Champions
15125,United Kingdom,26,15,11528.48,4,5,5,Champions
12939,United Kingdom,65,8,11581.8,3,5,5,Loyal Customers
12557,Spain,17,5,11990.96,4,4,5,Champions
14606,United Kingdom,2,93,12156.65,5,5,5,Champions
13113,United Kingdom,1,24,12245.96,5,5,5,Champions
12682,France,4,31,12288.22,5,5,5,Champions
17340,United Kingdom,30,11,12353.29,4,5,5,Champions
16000,United Kingdom,3,3,12393.7,5,3,5,Loyal Customers
15640,United Kingdom,5,15,12515.66,5,5,5,Champions
12536,France,44,3,12601.83,3,3,5,Loyal Customers
13078,United Kingdom,4,26,12627.94,5,5,5,Champions
14258,United Kingdom,10,9,12669.98,5,5,5,Champions
16525,United Kingdom,3,26,13027.45,5,5,5,Champions
17735,United Kingdom,3,19,13110.02,5,5,5,Champions
12477,Germany,23,6,13219.74,4,4,5,Champions
15498,United Kingdom,3,27,13316.4,5,5,5,Champions
12433,Norway,1,7,13375.87,5,5,5,Champions
12540,Spain,20,17,13400.24,4,5,5,Champions
12621,Germany,2,20,13689.67,5,5,5,Champions
12681,France,15,22,13787.54,4,5,5,Champions
16705,United Kingdom,1,20,14034.99,5,5,5,Champions
14866,United Kingdom,11,12,14389.9,5,5,5,Champions
16133,United Kingdom,4,33,14589.04,5,5,5,Champions
15513,United Kingdom,34,19,14758.22,3,5,5,Loyal Customers
14051,United Kingdom,1,23,15610.39,5,5,5,Champions
15189,United Kingdom,2,41,16225.39,5,5,5,Champions
17677,United Kingdom,2,30,16363.23,5,5,5,Champions
15856,United Kingdom,5,27,16387.57,5,5,5,Champions
14607,United Kingdom,16,14,16569.5,4,5,5,Champions
12921,United Kingdom,10,37,16587.09,5,5,5,Champions
16839,United Kingdom,9,34,16594.35,5,5,5,Champions
13881,United Kingdom,4,20,17159.52,5,5,5,Champions
13767,United Kingdom,3,37,17220.36,5,5,5,Champions
17428,United Kingdom,1,28,17256.85,5,5,5,Champions
14031,United Kingdom,8,19,17286.86,5,5,5,Champions
12678,France,43,12,17628.46,3,5,5,Loyal Customers
12901,United Kingdom,9,28,17654.54,5,5,5,Champions
15159,United Kingdom,2,30,18641.01,5,5,5,Champions
12731,France,24,12,18895.91,4,5,5,Champions
12471,Germany,3,30,19824.05,5,5,5,Champions
15039,United Kingdom,10,47,19914.44,5,5,5,Champions
17381,United Kingdom,9,29,20275.61,5,5,5,Champions
17675,United Kingdom,2,31,20374.28,5,5,5,Champions
16210,United Kingdom,2,18,21086.3,5,5,5,Champions
12744,Singapore,52,7,21279.29,3,5,5,Loyal Customers
12753,Japan,23,6,21429.39,4,4,5,Champions
13777,United Kingdom,1,33,25977.16,5,5,5,Champions
16333,United Kingdom,8,22,26626.8,5,5,5,Champions
17857,United Kingdom,5,23,26879.04,5,5,5,Champions
13408,United Kingdom,2,62,28117.04,5,5,5,Champions
13081,United Kingdom,12,11,28337.38,5,5,5,Champions
14680,United Kingdom,26,16,28754.11,4,5,5,Champions
13098,United Kingdom,2,28,28882.44,5,5,5,Champions
17389,United Kingdom,1,34,31833.68,5,5,5,Champions
17404,Sweden,5,15,31906.82,5,5,5,Champions
15838,United Kingdom,12,19,33643.08,5,5,5,Champions
12748,United Kingdom,1,209,33719.73,5,5,5,Champions
16422,United Kingdom,18,51,34684.4,4,5,5,Champions
16013,United Kingdom,4,47,37130.6,5,5,5,Champions
13798,United Kingdom,2,57,37153.85,5,5,5,Champions
15098,United Kingdom,183,3,39916.5,1,3,5,At Risk
17841,United Kingdom,2,124,40991.57,5,5,5,Champions
12931,United Kingdom,22,15,42055.96,4,5,5,Champions
15749,United Kingdom,236,3,44534.3,1,3,5,At Risk
14088,United Kingdom,11,13,50491.81,5,5,5,Champions
14298,United Kingdom,9,44,51527.3,5,5,5,Champions
15061,United Kingdom,4,48,54534.14,5,5,5,Champions
15769,United Kingdom,8,26,56252.72,5,5,5,Champions
17949,United Kingdom,2,45,58510.48,5,5,5,Champions
13089,United Kingdom,3,97,58825.83,5,5,5,Champions
15311,United Kingdom,1,91,60767.9,5,5,5,Champions
13694,United Kingdom,4,50,65039.62,5,5,5,Champions
14096,United Kingdom,5,17,65164.79,5,5,5,Champions
16684,United Kingdom,5,28,66653.56,5,5,5,Champions
12346,United Kingdom,326,1,77183.6,1,1,5,Lost
16029,United Kingdom,39,63,81024.84,3,5,5,Loyal Customers
17511,United Kingdom,3,31,91062.38,5,5,5,Champions
14156,EIRE,10,55,117379.63,5,5,5,Champions
12415,Australia,25,21,124914.53,4,5,5,Champions
14911,EIRE,2,201,143825.06,5,5,5,Champions
16446,United Kingdom,1,2,168472.5,5,2,5,Potential Loyalists
17450,United Kingdom,9,46,194550.79,5,5,5,Champions
18102,United Kingdom,1,60,259657.3,5,5,5,Champions
14646,Netherlands,2,73,280206.02,5,5,5,Champions
